GM_CODE,JRSTATCODE,GM_NAAM,H2O,OAD,STED,BEV_DICHTH,AANT_INW,AANT_MAN,AANT_VROUW,P_00_14_JR,P_15_24_JR,P_25_44_JR,P_45_64_JR,P_65_EO_JR,P_ONGEHUWD,P_GEHUWD,P_GESCHEID,P_VERWEDUW,AANTAL_HH,P_EENP_HH,P_HH_Z_K,P_HH_M_K,GEM_HH_GR,P_WEST_AL,P_N_W_AL,P_MAROKKO,P_ANT_ARU,P_SURINAM,P_TURKIJE,P_OVER_NW,OPP_TOT,OPP_LAND,OPP_WATER,Shape_Leng,Shape_Area
GM0010,2020GM0010,Delfzijl,JA,-99999999,-99999999,-99999999,-99999999,-99999999,-99999999,-99999999,-99999999,-99999999,-99999999,-99999999,-99999999,-99999999,-99999999,-99999999,-99999999,-99999999,-99999999,-99999999,-99999999.00000000000,-99999999,-99999999,-99999999,-99999999,-99999999,-99999999,-99999999,-99999999,-99999999,-99999999,128728.00706100000,91292354.65270000000
GM0034,2020GM0034,Almere,JA,-99999999,-99999999,-99999999,-99999999,-99999999,-99999999,-99999999,-99999999,-99999999,-99999999,-99999999,-99999999,-99999999,-99999999,-99999999,-99999999,-99999999,-99999999,-99999999,-99999999.00000000000,-99999999,-99999999,-99999999,-99999999,-99999999,-99999999,-99999999,-99999999,-99999999,-99999999,122665.35863400000,109562253.48900000000
GM0050,2020GM0050,Zeewolde,JA,-99999999,-99999999,-99999999,-99999999,-99999999,-99999999,-99999999,-99999999,-99999999,-99999999,-99999999,-99999999,-99999999,-99999999,-99999999,-99999999,-99999999,-99999999,-99999999,-99999999.00000000000,-99999999,-99999999,-99999999,-99999999,-99999999,-99999999,-99999999,-99999999,-99999999,-99999999,83290.77361660000,16330502.31650000000
GM0060,2020GM0060,Ameland,JA,-99999999,-99999999,-99999999,-99999999,-99999999,-99999999,-99999999,-99999999,-99999999,-99999999,-99999999,-99999999,-99999999,-99999999,-99999999,-99999999,-99999999,-99999999,-99999999,-99999999.00000000000,-99999999,-99999999,-99999999,-99999999,-99999999,-99999999,-99999999,-99999999,-99999999,-99999999,156406.89402300000,208591384.09400000000
GM0072,2020GM0072,Harlingen,JA,-99999999,-99999999,-99999999,-99999999,-99999999,-99999999,-99999999,-99999999,-99999999,-99999999,-99999999,-99999999,-99999999,-99999999,-99999999,-99999999,-99999999,-99999999,-99999999,-99999999.00000000000,-99999999,-99999999,-99999999,-99999999,-99999999,-99999999,-99999999,-99999999,-99999999,-99999999,104274.68303600000,361832253.64700000000
GM0088,2020GM0088,Schiermonnikoog,JA,-99999999,-99999999,-99999999,-99999999,-99999999,-99999999,-99999999,-99999999,-99999999,-99999999,-99999999,-99999999,-99999999,-99999999,-99999999,-99999999,-99999999,-99999999,-99999999,-99999999.00000000000,-99999999,-99999999,-99999999,-99999999,-99999999,-99999999,-99999999,-99999999,-99999999,-99999999,147755.82684200000,158165989.82600000000
GM0093,2020GM0093,Terschelling,JA,-99999999,-99999999,-99999999,-99999999,-99999999,-99999999,-99999999,-99999999,-99999999,-99999999,-99999999,-99999999,-99999999,-99999999,-99999999,-99999999,-99999999,-99999999,-99999999,-99999999.00000000000,-99999999,-99999999,-99999999,-99999999,-99999999,-99999999,-99999999,-99999999,-99999999,-99999999,257436.44413900000,588111979.72400000000
GM0096,2020GM0096,Vlieland,JA,-99999999,-99999999,-99999999,-99999999,-99999999,-99999999,-99999999,-99999999,-99999999,-99999999,-99999999,-99999999,-99999999,-99999999,-99999999,-99999999,-99999999,-99999999,-99999999,-99999999.00000000000,-99999999,-99999999,-99999999,-99999999,-99999999,-99999999,-99999999,-99999999,-99999999,-99999999,167218.65274800000,276004508.11500000000
GM0166,2020GM0166,Kampen,JA,-99999999,-99999999,-99999999,-99999999,-99999999,-99999999,-99999999,-99999999,-99999999,-99999999,-99999999,-99999999,-99999999,-99999999,-99999999,-99999999,-99999999,-99999999,-99999999,-99999999.00000000000,-99999999,-99999999,-99999999,-99999999,-99999999,-99999999,-99999999,-99999999,-99999999,-99999999,114205.83890300000,12340487.47970000000
GM0171,2020GM0171,Noordoostpolder,JA,-99999999,-99999999,-99999999,-99999999,-99999999,-99999999,-99999999,-99999999,-99999999,-99999999,-99999999,-99999999,-99999999,-99999999,-99999999,-99999999,-99999999,-99999999,-99999999,-99999999.00000000000,-99999999,-99999999,-99999999,-99999999,-99999999,-99999999,-99999999,-99999999,-99999999,-99999999,150347.17870700000,127202387.80400000000
GM0184,2020GM0184,Urk,JA,-99999999,-99999999,-99999999,-99999999,-99999999,-99999999,-99999999,-99999999,-99999999,-99999999,-99999999,-99999999,-99999999,-99999999,-99999999,-99999999,-99999999,-99999999,-99999999,-99999999.00000000000,-99999999,-99999999,-99999999,-99999999,-99999999,-99999999,-99999999,-99999999,-99999999,-99999999,56158.20647230000,98439997.10100000000
GM0230,2020GM0230,Elburg,JA,-99999999,-99999999,-99999999,-99999999,-99999999,-99999999,-99999999,-99999999,-99999999,-99999999,-99999999,-99999999,-99999999,-99999999,-99999999,-99999999,-99999999,-99999999,-99999999,-99999999.00000000000,-99999999,-99999999,-99999999,-99999999,-99999999,-99999999,-99999999,-99999999,-99999999,-99999999,32412.06813100000,2033708.89308000000
GM0233,2020GM0233,Ermelo,JA,-99999999,-99999999,-99999999,-99999999,-99999999,-99999999,-99999999,-99999999,-99999999,-99999999,-99999999,-99999999,-99999999,-99999999,-99999999,-99999999,-99999999,-99999999,-99999999,-99999999.00000000000,-99999999,-99999999,-99999999,-99999999,-99999999,-99999999,-99999999,-99999999,-99999999,-99999999,13875.30106840000,1692479.40652000000
GM0243,2020GM0243,Harderwijk,JA,-99999999,-99999999,-99999999,-99999999,-99999999,-99999999,-99999999,-99999999,-99999999,-99999999,-99999999,-99999999,-99999999,-99999999,-99999999,-99999999,-99999999,-99999999,-99999999,-99999999.00000000000,-99999999,-99999999,-99999999,-99999999,-99999999,-99999999,-99999999,-99999999,-99999999,-99999999,44199.61371850000,9293871.10886000000
GM0267,2020GM0267,Nijkerk,JA,-99999999,-99999999,-99999999,-99999999,-99999999,-99999999,-99999999,-99999999,-99999999,-99999999,-99999999,-99999999,-99999999,-99999999,-99999999,-99999999,-99999999,-99999999,-99999999,-99999999.00000000000,-99999999,-99999999,-99999999,-99999999,-99999999,-99999999,-99999999,-99999999,-99999999,-99999999,16552.23829060000,2183437.47859000000
GM0269,2020GM0269,Oldebroek,JA,-99999999,-99999999,-99999999,-99999999,-99999999,-99999999,-99999999,-99999999,-99999999,-99999999,-99999999,-99999999,-99999999,-99999999,-99999999,-99999999,-99999999,-99999999,-99999999,-99999999.00000000000,-99999999,-99999999,-99999999,-99999999,-99999999,-99999999,-99999999,-99999999,-99999999,-99999999,13346.42289560000,585866.48227900000
GM0273,2020GM0273,Putten,JA,-99999999,-99999999,-99999999,-99999999,-99999999,-99999999,-99999999,-99999999,-99999999,-99999999,-99999999,-99999999,-99999999,-99999999,-99999999,-99999999,-99999999,-99999999,-99999999,-99999999.00000000000,-99999999,-99999999,-99999999,-99999999,-99999999,-99999999,-99999999,-99999999,-99999999,-99999999,25391.55136960000,2168765.36840000000
GM0302,2020GM0302,Nunspeet,JA,-99999999,-99999999,-99999999,-99999999,-99999999,-99999999,-99999999,-99999999,-99999999,-99999999,-99999999,-99999999,-99999999,-99999999,-99999999,-99999999,-99999999,-99999999,-99999999,-99999999.00000000000,-99999999,-99999999,-99999999,-99999999,-99999999,-99999999,-99999999,-99999999,-99999999,-99999999,17555.81379230000,702450.70834800000
GM0303,2020GM0303,Dronten,JA,-99999999,-99999999,-99999999,-99999999,-99999999,-99999999,-99999999,-99999999,-99999999,-99999999,-99999999,-99999999,-99999999,-99999999,-99999999,-99999999,-99999999,-99999999,-99999999,-99999999.00000000000,-99999999,-99999999,-99999999,-99999999,-99999999,-99999999,-99999999,-99999999,-99999999,-99999999,173424.71367400000,85289149.74120000000
GM0313,2020GM0313,Bunschoten,JA,-99999999,-99999999,-99999999,-99999999,-99999999,-99999999,-99999999,-99999999,-99999999,-99999999,-99999999,-99999999,-99999999,-99999999,-99999999,-99999999,-99999999,-99999999,-99999999,-99999999.00000000000,-99999999,-99999999,-99999999,-99999999,-99999999,-99999999,-99999999,-99999999,-99999999,-99999999,19240.61895570000,4010378.25480000000
GM0317,2020GM0317,Eemnes,JA,-99999999,-99999999,-99999999,-99999999,-99999999,-99999999,-99999999,-99999999,-99999999,-99999999,-99999999,-99999999,-99999999,-99999999,-99999999,-99999999,-99999999,-99999999,-99999999,-99999999.00000000000,-99999999,-99999999,-99999999,-99999999,-99999999,-99999999,-99999999,-99999999,-99999999,-99999999,7723.28711911000,2250164.08178000000
GM0363,2020GM0363,Amsterdam,JA,-99999999,-99999999,-99999999,-99999999,-99999999,-99999999,-99999999,-99999999,-99999999,-99999999,-99999999,-99999999,-99999999,-99999999,-99999999,-99999999,-99999999,-99999999,-99999999,-99999999.00000000000,-99999999,-99999999,-99999999,-99999999,-99999999,-99999999,-99999999,-99999999,-99999999,-99999999,66563.10275880000,22939397.74240000000
GM0373,2020GM0373,Bergen (NH.),JA,-99999999,-99999999,-99999999,-99999999,-99999999,-99999999,-99999999,-99999999,-99999999,-99999999,-99999999,-99999999,-99999999,-99999999,-99999999,-99999999,-99999999,-99999999,-99999999,-99999999.00000000000,-99999999,-99999999,-99999999,-99999999,-99999999,-99999999,-99999999,-99999999,-99999999,-99999999,47112.31646630000,20356397.11390000000
GM0375,2020GM0375,Beverwijk,JA,-99999999,-99999999,-99999999,-99999999,-99999999,-99999999,-99999999,-99999999,-99999999,-99999999,-99999999,-99999999,-99999999,-99999999,-99999999,-99999999,-99999999,-99999999,-99999999,-99999999.00000000000,-99999999,-99999999,-99999999,-99999999,-99999999,-99999999,-99999999,-99999999,-99999999,-99999999,4345.99757706000,1175440.01033000000
GM0376,2020GM0376,Blaricum,JA,-99999999,-99999999,-99999999,-99999999,-99999999,-99999999,-99999999,-99999999,-99999999,-99999999,-99999999,-99999999,-99999999,-99999999,-99999999,-99999999,-99999999,-99999999,-99999999,-99999999.00000000000,-99999999,-99999999,-99999999,-99999999,-99999999,-99999999,-99999999,-99999999,-99999999,-99999999,20400.99643120000,4433250.81514000000
GM0377,2020GM0377,Bloemendaal,JA,-99999999,-99999999,-99999999,-99999999,-99999999,-99999999,-99999999,-99999999,-99999999,-99999999,-99999999,-99999999,-99999999,-99999999,-99999999,-99999999,-99999999,-99999999,-99999999,-99999999.00000000000,-99999999,-99999999,-99999999,-99999999,-99999999,-99999999,-99999999,-99999999,-99999999,-99999999,10561.35355650000,4722884.37003000000
GM0383,2020GM0383,Castricum,JA,-99999999,-99999999,-99999999,-99999999,-99999999,-99999999,-99999999,-99999999,-99999999,-99999999,-99999999,-99999999,-99999999,-99999999,-99999999,-99999999,-99999999,-99999999,-99999999,-99999999.00000000000,-99999999,-99999999,-99999999,-99999999,-99999999,-99999999,-99999999,-99999999,-99999999,-99999999,11674.82959440000,5172328.52848000000
GM0384,2020GM0384,Diemen,JA,-99999999,-99999999,-99999999,-99999999,-99999999,-99999999,-99999999,-99999999,-99999999,-99999999,-99999999,-99999999,-99999999,-99999999,-99999999,-99999999,-99999999,-99999999,-99999999,-99999999.00000000000,-99999999,-99999999,-99999999,-99999999,-99999999,-99999999,-99999999,-99999999,-99999999,-99999999,11415.46412140000,1115462.15198000000
GM0385,2020GM0385,Edam-Volendam,JA,-99999999,-99999999,-99999999,-99999999,-99999999,-99999999,-99999999,-99999999,-99999999,-99999999,-99999999,-99999999,-99999999,-99999999,-99999999,-99999999,-99999999,-99999999,-99999999,-99999999.00000000000,-99999999,-99999999,-99999999,-99999999,-99999999,-99999999,-99999999,-99999999,-99999999,-99999999,41955.16620380000,22759144.81370000000
GM0388,2020GM0388,Enkhuizen,JA,-99999999,-99999999,-99999999,-99999999,-99999999,-99999999,-99999999,-99999999,-99999999,-99999999,-99999999,-99999999,-99999999,-99999999,-99999999,-99999999,-99999999,-99999999,-99999999,-99999999.00000000000,-99999999,-99999999,-99999999,-99999999,-99999999,-99999999,-99999999,-99999999,-99999999,-99999999,83228.58893130000,102918872.12900000000
GM0396,2020GM0396,Heemskerk,JA,-99999999,-99999999,-99999999,-99999999,-99999999,-99999999,-99999999,-99999999,-99999999,-99999999,-99999999,-99999999,-99999999,-99999999,-99999999,-99999999,-99999999,-99999999,-99999999,-99999999.00000000000,-99999999,-99999999,-99999999,-99999999,-99999999,-99999999,-99999999,-99999999,-99999999,-99999999,9442.17265179000,3919387.70497000000
GM0400,2020GM0400,Den Helder,JA,-99999999,-99999999,-99999999,-99999999,-99999999,-99999999,-99999999,-99999999,-99999999,-99999999,-99999999,-99999999,-99999999,-99999999,-99999999,-99999999,-99999999,-99999999,-99999999,-99999999.00000000000,-99999999,-99999999,-99999999,-99999999,-99999999,-99999999,-99999999,-99999999,-99999999,-99999999,91450.02379730000,131369552.60200000000
GM0405,2020GM0405,Hoorn,JA,-99999999,-99999999,-99999999,-99999999,-99999999,-99999999,-99999999,-99999999,-99999999,-99999999,-99999999,-99999999,-99999999,-99999999,-99999999,-99999999,-99999999,-99999999,-99999999,-99999999.00000000000,-99999999,-99999999,-99999999,-99999999,-99999999,-99999999,-99999999,-99999999,-99999999,-99999999,36832.30918270000,32566034.13620000000
GM0406,2020GM0406,Huizen,JA,-99999999,-99999999,-99999999,-99999999,-99999999,-99999999,-99999999,-99999999,-99999999,-99999999,-99999999,-99999999,-99999999,-99999999,-99999999,-99999999,-99999999,-99999999,-99999999,-99999999.00000000000,-99999999,-99999999,-99999999,-99999999,-99999999,-99999999,-99999999,-99999999,-99999999,-99999999,21960.89073270000,7395767.10584000000
GM0420,2020GM0420,Medemblik,JA,-99999999,-99999999,-99999999,-99999999,-99999999,-99999999,-99999999,-99999999,-99999999,-99999999,-99999999,-99999999,-99999999,-99999999,-99999999,-99999999,-99999999,-99999999,-99999999,-99999999.00000000000,-99999999,-99999999,-99999999,-99999999,-99999999,-99999999,-99999999,-99999999,-99999999,-99999999,85665.50642140000,131367887.84800000000
GM0441,2020GM0441,Schagen,JA,-99999999,-99999999,-99999999,-99999999,-99999999,-99999999,-99999999,-99999999,-99999999,-99999999,-99999999,-99999999,-99999999,-99999999,-99999999,-99999999,-99999999,-99999999,-99999999,-99999999.00000000000,-99999999,-99999999,-99999999,-99999999,-99999999,-99999999,-99999999,-99999999,-99999999,-99999999,36921.20601080000,15186099.29300000000
GM0448,2020GM0448,Texel,JA,-99999999,-99999999,-99999999,-99999999,-99999999,-99999999,-99999999,-99999999,-99999999,-99999999,-99999999,-99999999,-99999999,-99999999,-99999999,-99999999,-99999999,-99999999,-99999999,-99999999.00000000000,-99999999,-99999999,-99999999,-99999999,-99999999,-99999999,-99999999,-99999999,-99999999,-99999999,223609.44796900000,298563212.73700000000
GM0453,2020GM0453,Velsen,JA,-99999999,-99999999,-99999999,-99999999,-99999999,-99999999,-99999999,-99999999,-99999999,-99999999,-99999999,-99999999,-99999999,-99999999,-99999999,-99999999,-99999999,-99999999,-99999999,-99999999.00000000000,-99999999,-99999999,-99999999,-99999999,-99999999,-99999999,-99999999,-99999999,-99999999,-99999999,47068.11644650000,13706858.07700000000
GM0473,2020GM0473,Zandvoort,JA,-99999999,-99999999,-99999999,-99999999,-99999999,-99999999,-99999999,-99999999,-99999999,-99999999,-99999999,-99999999,-99999999,-99999999,-99999999,-99999999,-99999999,-99999999,-99999999,-99999999.00000000000,-99999999,-99999999,-99999999,-99999999,-99999999,-99999999,-99999999,-99999999,-99999999,-99999999,19856.42360730000,10230900.99140000000
GM0498,2020GM0498,Drechterland,JA,-99999999,-99999999,-99999999,-99999999,-99999999,-99999999,-99999999,-99999999,-99999999,-99999999,-99999999,-99999999,-99999999,-99999999,-99999999,-99999999,-99999999,-99999999,-99999999,-99999999.00000000000,-99999999,-99999999,-99999999,-99999999,-99999999,-99999999,-99999999,-99999999,-99999999,-99999999,37133.78275420000,21054700.52720000000
GM0505,2020GM0505,Dordrecht,JA,-99999999,-99999999,-99999999,-99999999,-99999999,-99999999,-99999999,-99999999,-99999999,-99999999,-99999999,-99999999,-99999999,-99999999,-99999999,-99999999,-99999999,-99999999,-99999999,-99999999.00000000000,-99999999,-99999999,-99999999,-99999999,-99999999,-99999999,-99999999,-99999999,-99999999,-99999999,8046.46636751000,851386.09901600000
GM0518,2020GM0518,'s-Gravenhage,JA,-99999999,-99999999,-99999999,-99999999,-99999999,-99999999,-99999999,-99999999,-99999999,-99999999,-99999999,-99999999,-99999999,-99999999,-99999999,-99999999,-99999999,-99999999,-99999999,-99999999.00000000000,-99999999,-99999999,-99999999,-99999999,-99999999,-99999999,-99999999,-99999999,-99999999,-99999999,33495.83283710000,12598832.19770000000
GM0530,2020GM0530,Hellevoetsluis,JA,-99999999,-99999999,-99999999,-99999999,-99999999,-99999999,-99999999,-99999999,-99999999,-99999999,-99999999,-99999999,-99999999,-99999999,-99999999,-99999999,-99999999,-99999999,-99999999,-99999999.00000000000,-99999999,-99999999,-99999999,-99999999,-99999999,-99999999,-99999999,-99999999,-99999999,-99999999,41999.24699850000,19298276.57210000000
GM0532,2020GM0532,Stede Broec,JA,-99999999,-99999999,-99999999,-99999999,-99999999,-99999999,-99999999,-99999999,-99999999,-99999999,-99999999,-99999999,-99999999,-99999999,-99999999,-99999999,-99999999,-99999999,-99999999,-99999999.00000000000,-99999999,-99999999,-99999999,-99999999,-99999999,-99999999,-99999999,-99999999,-99999999,-99999999,4626.47172256000,805945.31649400000
GM0537,2020GM0537,Katwijk,JA,-99999999,-99999999,-99999999,-99999999,-99999999,-99999999,-99999999,-99999999,-99999999,-99999999,-99999999,-99999999,-99999999,-99999999,-99999999,-99999999,-99999999,-99999999,-99999999,-99999999.00000000000,-99999999,-99999999,-99999999,-99999999,-99999999,-99999999,-99999999,-99999999,-99999999,-99999999,11478.82098940000,4840186.81640000000
GM0575,2020GM0575,Noordwijk,JA,-99999999,-99999999,-99999999,-99999999,-99999999,-99999999,-99999999,-99999999,-99999999,-99999999,-99999999,-99999999,-99999999,-99999999,-99999999,-99999999,-99999999,-99999999,-99999999,-99999999.00000000000,-99999999,-99999999,-99999999,-99999999,-99999999,-99999999,-99999999,-99999999,-99999999,-99999999,29242.31472100000,15573820.91430000000
GM0599,2020GM0599,Rotterdam,JA,-99999999,-99999999,-99999999,-99999999,-99999999,-99999999,-99999999,-99999999,-99999999,-99999999,-99999999,-99999999,-99999999,-99999999,-99999999,-99999999,-99999999,-99999999,-99999999,-99999999.00000000000,-99999999,-99999999,-99999999,-99999999,-99999999,-99999999,-99999999,-99999999,-99999999,-99999999,46507.91787430000,29845525.34760000000
GM0614,2020GM0614,Westvoorne,JA,-99999999,-99999999,-99999999,-99999999,-99999999,-99999999,-99999999,-99999999,-99999999,-99999999,-99999999,-99999999,-99999999,-99999999,-99999999,-99999999,-99999999,-99999999,-99999999,-99999999.00000000000,-99999999,-99999999,-99999999,-99999999,-99999999,-99999999,-99999999,-99999999,-99999999,-99999999,37410.11124440000,39059612.01020000000
GM0629,2020GM0629,Wassenaar,JA,-99999999,-99999999,-99999999,-99999999,-99999999,-99999999,-99999999,-99999999,-99999999,-99999999,-99999999,-99999999,-99999999,-99999999,-99999999,-99999999,-99999999,-99999999,-99999999,-99999999.00000000000,-99999999,-99999999,-99999999,-99999999,-99999999,-99999999,-99999999,-99999999,-99999999,-99999999,18513.93903890000,9504339.30352000000
GM0654,2020GM0654,Borsele,JA,-99999999,-99999999,-99999999,-99999999,-99999999,-99999999,-99999999,-99999999,-99999999,-99999999,-99999999,-99999999,-99999999,-99999999,-99999999,-99999999,-99999999,-99999999,-99999999,-99999999.00000000000,-99999999,-99999999,-99999999,-99999999,-99999999,-99999999,-99999999,-99999999,-99999999,-99999999,82256.54433730000,51794876.29940000000
GM0664,2020GM0664,Goes,JA,-99999999,-99999999,-99999999,-99999999,-99999999,-99999999,-99999999,-99999999,-99999999,-99999999,-99999999,-99999999,-99999999,-99999999,-99999999,-99999999,-99999999,-99999999,-99999999,-99999999.00000000000,-99999999,-99999999,-99999999,-99999999,-99999999,-99999999,-99999999,-99999999,-99999999,-99999999,66652.45636480000,7344256.69262000000
GM0677,2020GM0677,Hulst,JA,-99999999,-99999999,-99999999,-99999999,-99999999,-99999999,-99999999,-99999999,-99999999,-99999999,-99999999,-99999999,-99999999,-99999999,-99999999,-99999999,-99999999,-99999999,-99999999,-99999999.00000000000,-99999999,-99999999,-99999999,-99999999,-99999999,-99999999,-99999999,-99999999,-99999999,-99999999,289306.72811200000,47444458.90770000000
GM0678,2020GM0678,Kapelle,JA,-99999999,-99999999,-99999999,-99999999,-99999999,-99999999,-99999999,-99999999,-99999999,-99999999,-99999999,-99999999,-99999999,-99999999,-99999999,-99999999,-99999999,-99999999,-99999999,-99999999.00000000000,-99999999,-99999999,-99999999,-99999999,-99999999,-99999999,-99999999,-99999999,-99999999,-99999999,30185.21937370000,11589426.47360000000
GM0687,2020GM0687,Middelburg,JA,-99999999,-99999999,-99999999,-99999999,-99999999,-99999999,-99999999,-99999999,-99999999,-99999999,-99999999,-99999999,-99999999,-99999999,-99999999,-99999999,-99999999,-99999999,-99999999,-99999999.00000000000,-99999999,-99999999,-99999999,-99999999,-99999999,-99999999,-99999999,-99999999,-99999999,-99999999,22338.93917590000,3280391.24894000000
GM0703,2020GM0703,Reimerswaal,JA,-99999999,-99999999,-99999999,-99999999,-99999999,-99999999,-99999999,-99999999,-99999999,-99999999,-99999999,-99999999,-99999999,-99999999,-99999999,-99999999,-99999999,-99999999,-99999999,-99999999.00000000000,-99999999,-99999999,-99999999,-99999999,-99999999,-99999999,-99999999,-99999999,-99999999,-99999999,140814.49078900000,129537338.76200000000
GM0715,2020GM0715,Terneuzen,JA,-99999999,-99999999,-99999999,-99999999,-99999999,-99999999,-99999999,-99999999,-99999999,-99999999,-99999999,-99999999,-99999999,-99999999,-99999999,-99999999,-99999999,-99999999,-99999999,-99999999.00000000000,-99999999,-99999999,-99999999,-99999999,-99999999,-99999999,-99999999,-99999999,-99999999,-99999999,80055.13607620000,56779373.94110000000
GM0716,2020GM0716,Tholen,JA,-99999999,-99999999,-99999999,-99999999,-99999999,-99999999,-99999999,-99999999,-99999999,-99999999,-99999999,-99999999,-99999999,-99999999,-99999999,-99999999,-99999999,-99999999,-99999999,-99999999.00000000000,-99999999,-99999999,-99999999,-99999999,-99999999,-99999999,-99999999,-99999999,-99999999,-99999999,193265.36528700000,97913399.43880000000
GM0717,2020GM0717,Veere,JA,-99999999,-99999999,-99999999,-99999999,-99999999,-99999999,-99999999,-99999999,-99999999,-99999999,-99999999,-99999999,-99999999,-99999999,-99999999,-99999999,-99999999,-99999999,-99999999,-99999999.00000000000,-99999999,-99999999,-99999999,-99999999,-99999999,-99999999,-99999999,-99999999,-99999999,-99999999,179320.21729300000,72259203.96610000000
GM0718,2020GM0718,Vlissingen,JA,-99999999,-99999999,-99999999,-99999999,-99999999,-99999999,-99999999,-99999999,-99999999,-99999999,-99999999,-99999999,-99999999,-99999999,-99999999,-99999999,-99999999,-99999999,-99999999,-99999999.00000000000,-99999999,-99999999,-99999999,-99999999,-99999999,-99999999,-99999999,-99999999,-99999999,-99999999,139554.49936300000,309428359.07000000000
GM0851,2020GM0851,Steenbergen,JA,-99999999,-99999999,-99999999,-99999999,-99999999,-99999999,-99999999,-99999999,-99999999,-99999999,-99999999,-99999999,-99999999,-99999999,-99999999,-99999999,-99999999,-99999999,-99999999,-99999999.00000000000,-99999999,-99999999,-99999999,-99999999,-99999999,-99999999,-99999999,-99999999,-99999999,-99999999,44500.73086440000,8346187.40296000000
GM0852,2020GM0852,Waterland,JA,-99999999,-99999999,-99999999,-99999999,-99999999,-99999999,-99999999,-99999999,-99999999,-99999999,-99999999,-99999999,-99999999,-99999999,-99999999,-99999999,-99999999,-99999999,-99999999,-99999999.00000000000,-99999999,-99999999,-99999999,-99999999,-99999999,-99999999,-99999999,-99999999,-99999999,-99999999,64223.56008370000,59828747.76340000000
GM0995,2020GM0995,Lelystad,JA,-99999999,-99999999,-99999999,-99999999,-99999999,-99999999,-99999999,-99999999,-99999999,-99999999,-99999999,-99999999,-99999999,-99999999,-99999999,-99999999,-99999999,-99999999,-99999999,-99999999.00000000000,-99999999,-99999999,-99999999,-99999999,-99999999,-99999999,-99999999,-99999999,-99999999,-99999999,191329.85282900000,510070196.51100000000
GM0998,2020GM0998,Buitenland,B,-99999999,-99999999,-99999999,-99999999,-99999999,-99999999,-99999999,-99999999,-99999999,-99999999,-99999999,-99999999,-99999999,-99999999,-99999999,-99999999,-99999999,-99999999,-99999999,-99999999.00000000000,-99999999,-99999999,-99999999,-99999999,-99999999,-99999999,-99999999,-99999999,-99999999,-99999999,34391.50101930000,2344521.92749000000
GM1598,2020GM1598,Koggenland,JA,-99999999,-99999999,-99999999,-99999999,-99999999,-99999999,-99999999,-99999999,-99999999,-99999999,-99999999,-99999999,-99999999,-99999999,-99999999,-99999999,-99999999,-99999999,-99999999,-99999999.00000000000,-99999999,-99999999,-99999999,-99999999,-99999999,-99999999,-99999999,-99999999,-99999999,-99999999,4775.46773104000,790016.82415900000
GM1676,2020GM1676,Schouwen-Duiveland,JA,-99999999,-99999999,-99999999,-99999999,-99999999,-99999999,-99999999,-99999999,-99999999,-99999999,-99999999,-99999999,-99999999,-99999999,-99999999,-99999999,-99999999,-99999999,-99999999,-99999999.00000000000,-99999999,-99999999,-99999999,-99999999,-99999999,-99999999,-99999999,-99999999,-99999999,-99999999,358507.32796100000,251629298.85500000000
GM1695,2020GM1695,Noord-Beveland,JA,-99999999,-99999999,-99999999,-99999999,-99999999,-99999999,-99999999,-99999999,-99999999,-99999999,-99999999,-99999999,-99999999,-99999999,-99999999,-99999999,-99999999,-99999999,-99999999,-99999999.00000000000,-99999999,-99999999,-99999999,-99999999,-99999999,-99999999,-99999999,-99999999,-99999999,-99999999,140108.70578600000,34941375.34810000000
GM1708,2020GM1708,Steenwijkerland,JA,-99999999,-99999999,-99999999,-99999999,-99999999,-99999999,-99999999,-99999999,-99999999,-99999999,-99999999,-99999999,-99999999,-99999999,-99999999,-99999999,-99999999,-99999999,-99999999,-99999999.00000000000,-99999999,-99999999,-99999999,-99999999,-99999999,-99999999,-99999999,-99999999,-99999999,-99999999,3202.99729160000,17032.32076160000
GM1709,2020GM1709,Moerdijk,JA,-99999999,-99999999,-99999999,-99999999,-99999999,-99999999,-99999999,-99999999,-99999999,-99999999,-99999999,-99999999,-99999999,-99999999,-99999999,-99999999,-99999999,-99999999,-99999999,-99999999.00000000000,-99999999,-99999999,-99999999,-99999999,-99999999,-99999999,-99999999,-99999999,-99999999,-99999999,88542.95555430000,20520038.69940000000
GM1714,2020GM1714,Sluis,JA,-99999999,-99999999,-99999999,-99999999,-99999999,-99999999,-99999999,-99999999,-99999999,-99999999,-99999999,-99999999,-99999999,-99999999,-99999999,-99999999,-99999999,-99999999,-99999999,-99999999.00000000000,-99999999,-99999999,-99999999,-99999999,-99999999,-99999999,-99999999,-99999999,-99999999,-99999999,86224.41007250000,23920950.02930000000
GM1783,2020GM1783,Westland,JA,-99999999,-99999999,-99999999,-99999999,-99999999,-99999999,-99999999,-99999999,-99999999,-99999999,-99999999,-99999999,-99999999,-99999999,-99999999,-99999999,-99999999,-99999999,-99999999,-99999999.00000000000,-99999999,-99999999,-99999999,-99999999,-99999999,-99999999,-99999999,-99999999,-99999999,-99999999,21912.88961300000,7354793.87835000000
GM1895,2020GM1895,Oldambt,JA,-99999999,-99999999,-99999999,-99999999,-99999999,-99999999,-99999999,-99999999,-99999999,-99999999,-99999999,-99999999,-99999999,-99999999,-99999999,-99999999,-99999999,-99999999,-99999999,-99999999.00000000000,-99999999,-99999999,-99999999,-99999999,-99999999,-99999999,-99999999,-99999999,-99999999,-99999999,94341.99861850000,55427638.35450000000
GM1896,2020GM1896,Zwartewaterland,JA,-99999999,-99999999,-99999999,-99999999,-99999999,-99999999,-99999999,-99999999,-99999999,-99999999,-99999999,-99999999,-99999999,-99999999,-99999999,-99999999,-99999999,-99999999,-99999999,-99999999.00000000000,-99999999,-99999999,-99999999,-99999999,-99999999,-99999999,-99999999,-99999999,-99999999,-99999999,9091.44978875000,804960.42899600000
GM1900,2020GM1900,S??dwest-Frysl?ón,JA,-99999999,-99999999,-99999999,-99999999,-99999999,-99999999,-99999999,-99999999,-99999999,-99999999,-99999999,-99999999,-99999999,-99999999,-99999999,-99999999,-99999999,-99999999,-99999999,-99999999.00000000000,-99999999,-99999999,-99999999,-99999999,-99999999,-99999999,-99999999,-99999999,-99999999,-99999999,223687.01049100000,333276738.13900000000
GM1911,2020GM1911,Hollands Kroon,JA,-99999999,-99999999,-99999999,-99999999,-99999999,-99999999,-99999999,-99999999,-99999999,-99999999,-99999999,-99999999,-99999999,-99999999,-99999999,-99999999,-99999999,-99999999,-99999999,-99999999.00000000000,-99999999,-99999999,-99999999,-99999999,-99999999,-99999999,-99999999,-99999999,-99999999,-99999999,155061.84684300000,288426127.46900000000
GM1924,2020GM1924,Goeree-Overflakkee,JA,-99999999,-99999999,-99999999,-99999999,-99999999,-99999999,-99999999,-99999999,-99999999,-99999999,-99999999,-99999999,-99999999,-99999999,-99999999,-99999999,-99999999,-99999999,-99999999,-99999999.00000000000,-99999999,-99999999,-99999999,-99999999,-99999999,-99999999,-99999999,-99999999,-99999999,-99999999,385130.69382900000,158045894.33700000000
GM1930,2020GM1930,Nissewaard,JA,-99999999,-99999999,-99999999,-99999999,-99999999,-99999999,-99999999,-99999999,-99999999,-99999999,-99999999,-99999999,-99999999,-99999999,-99999999,-99999999,-99999999,-99999999,-99999999,-99999999.00000000000,-99999999,-99999999,-99999999,-99999999,-99999999,-99999999,-99999999,-99999999,-99999999,-99999999,13272.39530600000,3400593.27118000000
GM1940,2020GM1940,De Fryske Marren,JA,-99999999,-99999999,-99999999,-99999999,-99999999,-99999999,-99999999,-99999999,-99999999,-99999999,-99999999,-99999999,-99999999,-99999999,-99999999,-99999999,-99999999,-99999999,-99999999,-99999999.00000000000,-99999999,-99999999,-99999999,-99999999,-99999999,-99999999,-99999999,-99999999,-99999999,-99999999,75083.56012720000,131347924.69300000000
GM1942,2020GM1942,Gooise Meren,JA,-99999999,-99999999,-99999999,-99999999,-99999999,-99999999,-99999999,-99999999,-99999999,-99999999,-99999999,-99999999,-99999999,-99999999,-99999999,-99999999,-99999999,-99999999,-99999999,-99999999.00000000000,-99999999,-99999999,-99999999,-99999999,-99999999,-99999999,-99999999,-99999999,-99999999,-99999999,56764.06370940000,29864124.94280000000
GM1949,2020GM1949,Waadhoeke,JA,-99999999,-99999999,-99999999,-99999999,-99999999,-99999999,-99999999,-99999999,-99999999,-99999999,-99999999,-99999999,-99999999,-99999999,-99999999,-99999999,-99999999,-99999999,-99999999,-99999999.00000000000,-99999999,-99999999,-99999999,-99999999,-99999999,-99999999,-99999999,-99999999,-99999999,-99999999,66605.81811050000,26498745.94110000000
GM1963,2020GM1963,Hoeksche Waard,JA,-99999999,-99999999,-99999999,-99999999,-99999999,-99999999,-99999999,-99999999,-99999999,-99999999,-99999999,-99999999,-99999999,-99999999,-99999999,-99999999,-99999999,-99999999,-99999999,-99999999.00000000000,-99999999,-99999999,-99999999,-99999999,-99999999,-99999999,-99999999,-99999999,-99999999,-99999999,139380.80806300000,41823059.12660000000
GM1966,2020GM1966,Het Hogeland,JA,-99999999,-99999999,-99999999,-99999999,-99999999,-99999999,-99999999,-99999999,-99999999,-99999999,-99999999,-99999999,-99999999,-99999999,-99999999,-99999999,-99999999,-99999999,-99999999,-99999999.00000000000,-99999999,-99999999,-99999999,-99999999,-99999999,-99999999,-99999999,-99999999,-99999999,-99999999,333398.61020300000,419725543.63800000000
GM1969,2020GM1969,Westerkwartier,JA,-99999999,-99999999,-99999999,-99999999,-99999999,-99999999,-99999999,-99999999,-99999999,-99999999,-99999999,-99999999,-99999999,-99999999,-99999999,-99999999,-99999999,-99999999,-99999999,-99999999.00000000000,-99999999,-99999999,-99999999,-99999999,-99999999,-99999999,-99999999,-99999999,-99999999,-99999999,1524.38693699000,27020.63323260000
GM1970,2020GM1970,Noardeast-Frysl?ón,JA,-99999999,-99999999,-99999999,-99999999,-99999999,-99999999,-99999999,-99999999,-99999999,-99999999,-99999999,-99999999,-99999999,-99999999,-99999999,-99999999,-99999999,-99999999,-99999999,-99999999.00000000000,-99999999,-99999999,-99999999,-99999999,-99999999,-99999999,-99999999,-99999999,-99999999,-99999999,224066.62217400000,132657560.72200000000
GM0003,2020GM0003,Appingedam,NEE,1066,3,490,11642,5671,5971,14,11,20,30,25,43,41,9,7,5528,38,32,30,2.10000000000,7,7,0,1,1,2,3,2458,2378,80,26201.13033680000,24579962.79070000000
GM0010,2020GM0010,Delfzijl,NEE,678,4,185,24678,12429,12249,14,11,20,30,25,42,42,8,7,11591,38,32,30,2.10000000000,8,11,0,3,1,2,5,22750,13307,9443,143224.06247700000,136207977.46300000000
GM0014,2020GM0014,Groningen,NEE,3267,1,1255,232874,115838,117036,12,22,30,22,15,65,24,7,4,136383,59,22,19,1.70000000000,13,12,1,2,1,1,8,19796,18560,1236,98454.01150200000,197960472.65400000000
GM0024,2020GM0024,Loppersum,NEE,214,5,86,9537,4830,4707,15,11,20,32,23,43,44,8,5,4297,33,36,32,2.20000000000,4,2,0,0,0,0,1,11199,11104,95,64612.05324170000,111989193.68700000000
GM0034,2020GM0034,Almere,NEE,1613,2,1640,211893,105130,106763,19,13,28,29,12,52,36,9,3,89319,32,24,43,2.30000000000,11,33,4,3,12,2,13,24877,12919,11958,77001.56069740000,139203837.15500000000
GM0037,2020GM0037,Stadskanaal,NEE,836,4,269,31686,15643,16043,14,11,20,30,25,41,43,8,8,14594,35,33,31,2.10000000000,5,3,0,0,0,0,2,11994,11764,230,64057.94825230000,119944106.05300000000
GM0047,2020GM0047,Veendam,NEE,1002,3,360,27384,13629,13755,15,11,21,30,23,43,42,9,7,12654,35,32,33,2.10000000000,5,8,0,1,1,3,3,7868,7600,268,39605.31869740000,78678839.27840000000
GM0050,2020GM0050,Zeewolde,NEE,810,4,92,22653,11574,11079,17,14,25,31,13,46,43,8,3,9668,32,29,39,2.30000000000,13,6,0,0,1,0,4,26886,24723,2163,98901.66324070000,252528289.28300000000
GM0059,2020GM0059,Achtkarspelen,NEE,427,5,272,27843,14180,13663,17,12,22,28,20,45,43,7,6,11757,30,31,38,2.30000000000,2,2,0,0,0,0,2,10398,10223,175,56246.81587450000,103980831.52400000000
GM0060,2020GM0060,Ameland,NEE,254,5,63,3716,1843,1873,16,10,23,28,23,46,42,6,6,1732,39,32,29,2.10000000000,7,2,0,0,0,0,1,26850,5911,20939,66541.31325680000,59907301.15600000000
GM0072,2020GM0072,Harlingen,NEE,1066,3,630,15722,7879,7843,15,11,20,29,25,44,40,10,6,7484,40,31,30,2.10000000000,8,5,1,0,1,0,3,38767,2496,36271,46423.77111060000,25835291.37150000000
GM0074,2020GM0074,Heerenveen,NEE,1084,3,266,50493,25115,25378,16,12,22,29,22,46,40,8,6,22895,36,31,33,2.20000000000,6,7,1,0,1,1,4,19817,19009,808,103700.61744700000,198165256.90400000000
GM0080,2020GM0080,Leeuwarden,NEE,2134,2,521,124084,61677,62407,15,15,26,26,19,54,33,9,5,63338,47,26,27,1.90000000000,8,10,1,1,1,0,6,25562,23838,1724,127294.90328000000,255619632.11700000000
GM0085,2020GM0085,Ooststellingwerf,NEE,472,5,114,25469,12796,12673,15,11,20,30,24,42,43,8,6,11255,33,34,33,2.20000000000,4,3,0,0,0,0,2,22611,22342,269,71812.51021300000,226112548.13700000000
GM0086,2020GM0086,Opsterland,NEE,406,5,132,29733,14925,14808,16,12,20,31,22,44,43,7,6,12582,31,33,36,2.30000000000,4,3,0,0,0,0,2,22764,22440,324,85238.02168290000,227641536.63600000000
GM0088,2020GM0088,Schiermonnikoog,NEE,317,5,23,947,486,461,10,9,20,31,29,42,41,11,6,538,52,29,20,1.80000000000,8,3,0,0,0,0,2,19907,4050,15856,84763.69812150000,40899488.80920000000
GM0090,2020GM0090,Smallingerland,NEE,1340,3,479,56150,28018,28132,16,12,23,28,21,46,40,8,6,25025,36,30,34,2.20000000000,5,7,0,1,1,0,5,12617,11731,887,62209.16259110000,126174966.17900000000
GM0093,2020GM0093,Terschelling,NEE,250,5,57,4888,2525,2363,12,16,21,29,24,48,37,9,6,2550,48,29,23,1.90000000000,6,2,0,1,0,0,1,67399,8526,58873,152600.61957800000,85874613.92200000000
GM0096,2020GM0096,Vlieland,NEE,208,5,30,1155,583,572,10,14,24,33,19,50,38,8,4,643,52,29,19,1.80000000000,13,2,0,0,0,0,2,31580,3915,27665,87948.21418510000,39796659.06520000000
GM0098,2020GM0098,Weststellingwerf,NEE,681,4,118,25914,12930,12984,15,11,21,30,24,43,43,7,7,11356,32,35,33,2.20000000000,4,4,1,0,0,0,2,22845,22030,815,85145.90484150000,228446186.85000000000
GM0106,2020GM0106,Assen,NEE,1562,2,838,68599,33981,34618,16,12,23,29,20,47,38,9,5,31371,39,29,32,2.10000000000,8,8,1,1,1,1,6,8345,8189,157,55122.96292100000,83452197.78970000000
GM0109,2020GM0109,Coevorden,NEE,497,5,119,35297,17593,17704,15,11,19,31,24,41,45,7,7,15501,32,35,33,2.20000000000,5,4,0,0,0,0,3,29969,29607,362,88672.44380550000,299690096.00300000000
GM0114,2020GM0114,Emmen,NEE,852,4,319,107048,53337,53711,14,11,21,30,23,43,42,9,7,48631,35,32,33,2.20000000000,7,5,0,0,0,1,4,34626,33518,1107,81438.89512040000,346259107.95400000000
GM0118,2020GM0118,Hoogeveen,NEE,1199,3,437,55699,27872,27827,16,12,23,27,22,45,42,8,6,24351,35,31,35,2.20000000000,6,5,0,0,0,1,4,12925,12754,171,64905.17123520000,129249620.26700000000
GM0119,2020GM0119,Meppel,NEE,1275,3,611,33920,16573,17347,16,12,24,28,20,46,40,9,5,15424,37,30,33,2.20000000000,6,6,2,0,1,0,3,5703,5553,150,53075.78276430000,57027703.85440000000
GM0141,2020GM0141,Almelo,NEE,1590,2,1087,73107,36592,36515,16,12,24,28,20,47,39,9,6,32714,37,28,35,2.20000000000,10,16,1,0,0,8,6,6941,6727,214,44126.16731240000,69406297.07130000000
GM0147,2020GM0147,Borne,NEE,1228,3,897,23312,11644,11668,17,11,23,27,22,43,45,6,6,9738,28,34,38,2.40000000000,6,5,0,0,0,2,3,2616,2600,16,25580.81241980000,26164536.55580000000
GM0148,2020GM0148,Dalfsen,NEE,504,4,173,28587,14441,14146,17,12,20,29,21,44,47,4,5,11609,27,34,39,2.40000000000,3,3,0,0,0,0,2,16652,16507,144,71075.47520930000,166518037.12400000000
GM0150,2020GM0150,Deventer,NEE,1823,2,771,100719,49763,50956,16,12,25,28,18,50,37,8,5,46648,39,28,33,2.10000000000,9,13,0,1,1,7,5,13433,13068,365,63492.26351840000,134334809.51800000000
GM0153,2020GM0153,Enschede,NEE,2157,2,1134,159640,81539,78101,15,16,26,26,18,53,34,8,5,79459,46,25,28,2.00000000000,13,17,1,1,1,5,9,14272,14083,189,53094.11615850000,142724067.06400000000
GM0158,2020GM0158,Haaksbergen,NEE,1036,3,232,24311,12227,12084,15,12,19,30,24,43,44,6,7,10217,29,34,36,2.30000000000,7,6,0,0,0,2,3,10550,10482,68,49645.49592080000,105499578.13300000000
GM0160,2020GM0160,Hardenberg,NEE,556,4,195,60948,30927,30021,17,13,23,28,19,45,44,5,5,24358,28,32,39,2.50000000000,4,3,0,0,0,0,3,31715,31228,487,122606.02843800000,317150453.37700000000
GM0163,2020GM0163,Hellendoorn,NEE,811,4,260,35916,17913,18003,16,12,22,28,22,43,46,6,6,14721,28,34,38,2.40000000000,4,3,0,0,0,0,2,13899,13791,108,67468.54867300000,138993335.15000000000
GM0164,2020GM0164,Hengelo,NEE,1838,2,1334,81140,40785,40355,15,12,24,28,20,48,39,8,5,38016,39,29,32,2.10000000000,10,14,0,1,1,6,6,6183,6084,99,47510.25587090000,61830563.23040000000
GM0166,2020GM0166,Kampen,NEE,1467,3,382,54319,27170,27149,19,13,25,25,17,46,44,6,4,22217,32,30,39,2.40000000000,4,6,0,0,0,2,3,16179,14218,1961,132330.45194500000,149448431.23700000000
GM0168,2020GM0168,Losser,NEE,742,4,230,22683,11403,11280,15,12,20,30,24,42,46,6,6,9392,28,35,37,2.40000000000,11,4,0,0,0,1,2,9962,9876,86,55326.14756380000,99621433.44690000000
GM0171,2020GM0171,Noordoostpolder,NEE,741,4,103,47291,23958,23333,18,12,24,27,18,46,43,7,4,19422,31,32,37,2.40000000000,8,8,1,1,1,1,5,59347,45817,13530,134056.97349200000,466268353.47900000000
GM0173,2020GM0173,Oldenzaal,NEE,1471,3,1477,31836,15786,16050,16,11,21,28,23,44,42,7,6,14035,34,31,35,2.20000000000,8,8,0,0,0,4,4,2195,2155,40,23249.33581650000,21952700.74020000000
GM0175,2020GM0175,Ommen,NEE,502,4,100,18009,9122,8887,16,11,21,29,23,43,45,6,5,7467,30,35,35,2.40000000000,5,3,0,0,0,0,3,18201,17990,212,77557.75431490000,182012653.89300000000
GM0177,2020GM0177,Raalte,NEE,663,4,221,37712,18927,18785,16,12,20,30,22,45,45,5,6,15670,28,35,36,2.40000000000,3,3,0,0,0,1,2,17229,17099,130,76260.35819620000,172290458.30700000000
GM0180,2020GM0180,Staphorst,NEE,356,5,128,17145,8777,8368,22,15,23,24,16,47,46,3,4,5962,24,28,47,2.90000000000,2,2,0,0,0,0,2,13569,13399,170,59261.29178480000,135693600.50900000000
GM0183,2020GM0183,Tubbergen,NEE,289,5,145,21275,10873,10402,16,14,20,30,19,45,45,4,6,8159,25,31,43,2.60000000000,3,1,0,0,0,0,1,14744,14700,44,64928.09335190000,147441415.04400000000
GM0184,2020GM0184,Urk,NEE,1073,3,1599,21031,10664,10367,28,16,27,19,10,50,45,2,3,6346,20,23,57,3.30000000000,2,3,1,0,0,0,2,11186,1315,9871,20883.33693860000,13424142.89420000000
GM0189,2020GM0189,Wierden,NEE,709,4,258,24446,12216,12230,17,12,22,28,21,42,47,5,6,9633,25,34,41,2.50000000000,5,3,0,0,0,1,2,9539,9463,76,54645.99975930000,95388421.30220000000
GM0193,2020GM0193,Zwolle,NEE,2042,2,1160,128840,63488,65352,18,13,28,26,16,53,35,7,4,60093,41,27,32,2.10000000000,7,11,1,1,1,2,6,11936,11110,826,64780.38695420000,119364079.28300000000
GM0197,2020GM0197,Aalten,NEE,776,4,281,27121,13649,13472,16,11,20,31,23,45,44,6,6,11513,30,34,35,2.30000000000,8,3,0,0,0,1,2,9705,9654,52,52184.50401390000,97053772.20670000000
GM0200,2020GM0200,Apeldoorn,NEE,1745,2,482,163818,81632,82186,16,12,23,29,21,46,41,8,5,73518,36,31,33,2.20000000000,8,10,1,1,1,3,5,34115,33989,125,94180.30131470000,341146792.82300000000
GM0202,2020GM0202,Arnhem,NEE,2205,2,1649,161348,80805,80543,16,13,30,26,15,57,30,9,4,81399,48,24,28,1.90000000000,12,21,2,2,2,5,10,10154,9782,372,60138.31973980000,101543360.43700000000
GM0203,2020GM0203,Barneveld,NEE,876,4,336,59082,29496,29586,21,14,24,24,17,45,46,5,4,22392,28,30,42,2.60000000000,4,5,1,0,0,1,3,17666,17590,76,85547.37045140000,176659564.05700000000
GM0209,2020GM0209,Beuningen,NEE,996,4,593,25890,12932,12958,15,11,22,32,20,44,44,7,5,11209,29,34,37,2.30000000000,8,5,0,0,1,1,3,4709,4365,344,31234.37311420000,47089889.77020000000
GM0213,2020GM0213,Brummen,NEE,763,4,248,20726,10251,10475,13,11,19,31,26,40,47,7,6,9036,29,37,34,2.30000000000,6,6,0,0,0,3,2,8501,8365,137,54616.83612590000,85012195.47660000000
GM0214,2020GM0214,Buren,NEE,288,5,200,26749,13425,13324,16,11,21,32,21,42,47,7,5,11053,26,36,38,2.40000000000,6,3,0,0,0,0,2,14292,13389,903,71232.17108250000,142921842.03300000000
GM0216,2020GM0216,Culemborg,NEE,1463,3,989,28955,14374,14581,17,12,23,30,18,47,41,8,5,12614,34,30,37,2.30000000000,9,14,7,1,1,1,4,3114,2929,186,29338.88442410000,31143693.71460000000
GM0221,2020GM0221,Doesburg,NEE,860,4,961,11077,5410,5667,13,11,18,32,26,39,44,10,6,5223,36,33,31,2.10000000000,10,11,0,0,1,6,3,1296,1153,143,20380.66966630000,12958308.42190000000
GM0222,2020GM0222,Doetinchem,NEE,1137,3,734,58001,28791,29210,15,12,22,30,21,46,40,8,5,25891,35,31,34,2.20000000000,7,7,0,0,0,3,4,7966,7905,61,61500.31080060000,79655570.03160000000
GM0225,2020GM0225,Druten,NEE,805,4,503,18926,9445,9481,15,12,22,31,20,46,42,7,5,7880,28,33,38,2.30000000000,6,6,0,0,0,3,2,4246,3764,482,37739.93463100000,42457472.55930000000
GM0226,2020GM0226,Duiven,NEE,1157,3,741,25126,12410,12716,15,13,20,34,19,42,45,8,5,10664,28,33,39,2.30000000000,8,6,0,0,1,1,4,3519,3390,129,30269.80261190000,35187885.23150000000
GM0228,2020GM0228,Ede,NEE,1553,2,368,117165,58011,59154,18,13,24,26,18,46,43,6,5,49444,34,30,35,2.30000000000,7,9,2,0,1,2,4,31862,31818,44,87629.36869450000,318620423.66500000000
GM0230,2020GM0230,Elburg,NEE,671,4,363,23161,11555,11606,18,12,23,27,20,42,48,6,5,9128,27,33,40,2.50000000000,3,3,0,0,0,0,2,6591,6382,209,53252.98542870000,63874654.28520000000
GM0232,2020GM0232,Epe,NEE,747,4,213,33178,16491,16687,15,11,20,29,25,40,47,7,7,14212,30,35,34,2.30000000000,6,6,0,0,0,3,2,15737,15607,130,63042.88913810000,157372017.74100000000
GM0233,2020GM0233,Ermelo,NEE,896,4,315,27008,13426,13582,15,12,21,28,23,43,44,7,6,11291,34,32,34,2.30000000000,6,5,0,0,1,1,3,8733,8563,169,50281.88516120000,85633796.23510000000
GM0243,2020GM0243,Harderwijk,NEE,1530,2,1245,48414,23964,24450,18,12,25,27,18,45,42,8,5,20531,33,29,38,2.30000000000,7,12,3,0,0,5,4,4827,3889,938,52181.10910930000,38976305.64230000000
GM0244,2020GM0244,Hattem,NEE,831,4,529,12209,6059,6150,17,12,21,28,22,41,48,6,6,5084,29,34,37,2.40000000000,5,4,0,0,0,0,3,2416,2308,108,25217.82306080000,24155743.58910000000
GM0246,2020GM0246,Heerde,NEE,611,4,236,18589,9178,9411,16,11,20,30,24,38,50,6,6,7670,26,37,36,2.40000000000,3,3,0,0,0,0,2,8042,7874,168,38796.41155290000,80420536.51050000000
GM0252,2020GM0252,Heumen,NEE,798,4,414,16454,8179,8275,14,12,18,31,24,42,45,7,6,7145,31,34,36,2.30000000000,9,5,0,0,0,0,3,4154,3976,178,31833.69864370000,41536314.59060000000
GM0262,2020GM0262,Lochem,NEE,588,4,158,33729,16651,17078,14,10,17,31,28,40,46,7,7,14787,31,38,32,2.20000000000,6,5,1,0,0,1,2,21594,21303,291,88215.11874220000,215942010.32600000000
GM0263,2020GM0263,Maasdriel,NEE,487,5,379,25030,12733,12297,15,12,23,31,19,45,43,7,5,10591,30,32,37,2.30000000000,9,4,1,0,0,0,3,7546,6611,935,52524.16710300000,75462009.10830000000
GM0267,2020GM0267,Nijkerk,NEE,1117,3,623,43171,21488,21683,18,12,23,28,19,43,46,6,5,17448,29,31,40,2.50000000000,5,7,2,0,0,1,3,7204,6934,270,60275.90922710000,69856831.82200000000
GM0268,2020GM0268,Nijmegen,NEE,2401,2,3346,177659,86043,91616,14,17,29,24,16,61,27,8,4,96644,54,23,23,1.80000000000,12,14,2,1,1,3,7,5763,5309,454,42962.19081700000,57628057.00800000000
GM0269,2020GM0269,Oldebroek,NEE,641,4,242,23646,11925,11721,18,12,23,28,19,41,50,4,5,9157,25,33,42,2.60000000000,3,3,0,0,0,0,2,9884,9765,118,52882.34417080000,98249451.06770000000
GM0273,2020GM0273,Putten,NEE,902,4,283,24112,11941,12171,17,13,22,27,21,41,48,6,6,9606,27,34,39,2.50000000000,4,4,0,0,0,0,3,8750,8522,228,52197.85140480000,85333912.26580000000
GM0274,2020GM0274,Renkum,NEE,914,4,684,31419,15358,16061,14,9,18,31,28,42,42,9,7,14566,37,34,29,2.10000000000,10,6,0,0,1,1,4,4723,4595,128,35239.52503400000,47233270.97680000000
GM0275,2020GM0275,Rheden,NEE,1451,3,535,43761,21463,22298,14,11,20,29,26,44,40,9,7,21128,41,30,29,2.00000000000,10,8,1,0,0,2,4,8435,8174,260,49246.90064950000,84348204.54450000000
GM0277,2020GM0277,Rozendaal,NEE,941,4,61,1704,835,869,19,10,15,31,25,40,51,4,5,688,21,40,39,2.50000000000,10,6,0,1,1,0,4,2792,2790,2,25185.14140770000,27919889.37660000000
GM0279,2020GM0279,Scherpenzeel,NEE,921,4,717,9880,4897,4983,19,13,24,25,19,43,46,5,5,3960,29,32,39,2.50000000000,4,3,0,0,0,0,2,1381,1379,3,18951.98644930000,13814847.33590000000
GM0281,2020GM0281,Tiel,NEE,1418,3,1282,42159,21007,21152,15,13,25,29,18,47,40,9,5,18726,37,28,36,2.20000000000,11,16,5,0,1,6,5,3551,3288,263,32225.37224030000,35512546.27620000000
GM0285,2020GM0285,Voorst,NEE,583,4,200,24552,12287,12265,16,11,19,30,24,44,45,6,6,10149,28,37,35,2.30000000000,5,3,0,0,0,1,2,12647,12297,350,69127.72880200000,126468690.84000000000
GM0289,2020GM0289,Wageningen,NEE,2021,2,1304,39664,19106,20558,12,22,27,22,16,60,30,6,4,22676,60,20,19,1.70000000000,14,14,1,0,1,1,11,3236,3042,194,34074.35918390000,32359864.99450000000
GM0293,2020GM0293,Westervoort,NEE,1155,3,2130,14971,7375,7596,15,10,23,32,20,42,43,9,5,6697,30,34,36,2.20000000000,9,9,1,1,1,2,5,784,703,81,14578.12617910000,7838999.44995000000
GM0294,2020GM0294,Winterswijk,NEE,1201,3,209,28854,14420,14434,14,12,21,30,23,44,43,7,6,12772,34,33,33,2.20000000000,9,6,1,0,0,2,4,13882,13814,68,53000.77658900000,138817748.71000000000
GM0296,2020GM0296,Wijchen,NEE,1232,3,621,41110,20334,20776,15,12,21,31,21,44,43,8,5,17729,30,33,37,2.30000000000,8,5,0,1,0,1,3,6956,6618,339,44496.48328830000,69563657.77900000000
GM0297,2020GM0297,Zaltbommel,NEE,684,4,364,28881,14580,14301,18,13,23,27,18,45,44,6,5,11862,31,31,39,2.40000000000,8,6,3,0,0,0,3,8904,7938,966,58996.32122570000,89042926.24260000000
GM0299,2020GM0299,Zevenaar,NEE,1043,3,472,43750,21560,22190,14,11,21,29,24,42,43,8,6,19850,33,34,33,2.20000000000,10,5,0,0,1,1,2,10610,9260,1350,86263.22715260000,106104359.52400000000
GM0301,2020GM0301,Zutphen,NEE,1643,2,1170,47934,23498,24436,15,12,21,30,22,46,38,10,5,22046,39,29,32,2.10000000000,9,9,1,0,1,3,5,4293,4095,198,43953.91063350000,42934420.89930000000
GM0302,2020GM0302,Nunspeet,NEE,790,4,216,27851,13807,14044,18,13,22,27,20,42,47,6,5,10934,29,32,39,2.50000000000,4,4,0,0,0,0,3,12953,12874,80,58710.25878870000,128830644.32300000000
GM0303,2020GM0303,Dronten,NEE,767,4,125,41555,20832,20723,17,13,23,29,18,44,44,7,4,17532,30,33,36,2.30000000000,8,9,1,1,1,1,5,42389,33357,9032,135089.71459400000,338605668.56700000000
GM0307,2020GM0307,Amersfoort,NEE,2298,2,2512,157276,77654,79622,18,12,27,28,15,51,37,8,4,69226,37,26,37,2.20000000000,9,16,3,1,1,4,7,6386,6262,124,53641.00548120000,63860765.02400000000
GM0308,2020GM0308,Baarn,NEE,1615,2,764,24868,12029,12839,16,10,21,29,24,46,38,9,6,11099,38,29,33,2.10000000000,10,9,1,0,1,2,5,3301,3254,47,31496.53531790000,33006228.35310000000
GM0310,2020GM0310,De Bilt,NEE,1258,3,652,43137,20752,22385,17,11,20,29,24,46,40,8,6,19259,37,29,34,2.20000000000,10,9,2,0,1,0,5,6713,6612,101,43237.14791330000,67130787.22360000000
GM0312,2020GM0312,Bunnik,NEE,659,4,411,15191,7526,7665,18,11,20,29,22,46,43,6,5,6433,31,32,37,2.30000000000,8,6,1,1,1,0,4,3757,3697,60,34607.82070110000,37569138.69550000000
GM0313,2020GM0313,Bunschoten,NEE,1181,3,720,21866,10898,10968,19,13,26,25,16,42,49,5,4,8370,26,30,44,2.60000000000,6,5,0,0,0,2,3,3481,3038,443,29468.96071150000,30803037.39820000000
GM0317,2020GM0317,Eemnes,NEE,937,4,298,9247,4571,4676,16,12,19,32,21,45,42,9,4,3958,31,31,38,2.30000000000,8,6,0,1,1,0,4,3370,3104,267,27658.88573360000,31452775.05330000000
GM0321,2020GM0321,Houten,NEE,1526,2,913,50146,24688,25458,19,12,23,31,15,48,43,6,4,20265,27,30,43,2.50000000000,7,9,1,1,1,1,5,5899,5494,404,38547.24202530000,58985522.19600000000
GM0327,2020GM0327,Leusden,NEE,1259,3,519,30401,14914,15487,16,11,21,30,22,43,45,7,5,13040,30,33,37,2.30000000000,8,6,1,1,1,0,4,5889,5854,35,42851.36327670000,58893057.23050000000
GM0331,2020GM0331,Lopik,NEE,363,5,191,14467,7380,7087,17,14,21,30,18,47,43,5,4,5647,26,31,42,2.50000000000,4,5,2,0,1,0,3,7898,7557,341,42334.45320700000,78978950.03060000000
GM0335,2020GM0335,Montfoort,NEE,747,4,370,13917,6954,6963,17,13,21,29,20,47,43,6,4,5648,28,31,40,2.50000000000,5,5,1,0,1,1,3,3820,3757,63,36594.03169070000,38202586.19960000000
GM0339,2020GM0339,Renswoude,NEE,514,4,296,5444,2722,2722,21,14,25,25,15,45,47,5,4,2089,25,32,43,2.60000000000,4,3,0,0,0,0,2,1851,1840,11,24069.62034990000,18510997.91750000000
GM0340,2020GM0340,Rhenen,NEE,924,4,478,20119,10034,10085,18,12,22,27,21,43,45,6,6,8286,31,32,37,2.40000000000,6,6,2,0,0,0,3,4376,4208,168,34322.57913300000,43756513.13870000000
GM0342,2020GM0342,Soest,NEE,1468,3,1008,46606,22772,23834,16,12,21,29,23,44,42,8,6,20636,35,30,35,2.20000000000,9,13,2,1,1,5,5,4643,4624,19,30455.01413190000,46432000.65020000000
GM0344,2020GM0344,Utrecht,NEE,3444,1,3811,357597,175395,182202,17,15,37,21,10,65,27,6,3,181670,51,22,27,1.90000000000,12,24,9,1,2,4,8,9921,9383,538,59762.03637870000,99207318.29690000000
GM0345,2020GM0345,Veenendaal,NEE,2200,2,3417,66493,32858,33635,18,13,25,26,18,45,44,7,5,28021,33,30,37,2.30000000000,6,13,5,1,1,1,5,1972,1946,26,20030.47454120000,19724167.36050000000
GM0351,2020GM0351,Woudenberg,NEE,958,4,366,13362,6689,6673,20,13,23,26,19,44,46,5,5,5135,27,32,41,2.50000000000,5,6,1,0,0,0,4,3682,3653,29,49965.67762400000,36822053.22400000000
GM0352,2020GM0352,Wijk bij Duurstede,NEE,1128,3,502,23914,11773,12141,16,12,21,32,20,43,44,8,5,10096,28,34,38,2.30000000000,6,5,1,0,1,0,3,5040,4762,278,37051.20850880000,50403976.25010000000
GM0353,2020GM0353,IJsselstein,NEE,1859,2,1619,34109,16580,17529,17,13,22,31,18,47,40,8,4,14374,31,28,41,2.30000000000,7,14,4,1,3,1,5,2168,2107,61,25554.85589640000,21680241.48120000000
GM0355,2020GM0355,Zeist,NEE,1590,2,1338,64905,31577,33328,17,12,23,27,21,50,37,8,5,29324,41,26,33,2.10000000000,10,14,6,1,1,1,5,4865,4851,14,44541.18633290000,48650812.06470000000
GM0356,2020GM0356,Nieuwegein,NEE,1927,2,2700,63462,31482,31980,15,11,26,27,20,47,40,9,4,29328,37,30,34,2.10000000000,10,17,4,1,4,1,7,2565,2351,214,24013.05706680000,25646426.55980000000
GM0358,2020GM0358,Aalsmeer,NEE,930,4,1584,31859,15815,16044,18,12,22,30,19,48,41,7,5,13182,29,30,41,2.40000000000,11,9,1,0,2,0,5,3229,2012,1217,32899.13404780000,32286067.39340000000
GM0361,2020GM0361,Alkmaar,NEE,2267,2,991,109436,54150,55286,15,11,26,28,20,50,36,10,5,52179,41,27,32,2.10000000000,10,13,2,1,1,2,6,11735,11046,689,68715.51687900000,117346486.04200000000
GM0362,2020GM0362,Amstelveen,NEE,2516,1,2229,91675,44125,47550,18,12,26,25,19,50,38,7,5,43485,43,23,34,2.10000000000,20,26,2,1,3,2,19,4408,4113,295,31993.29452570000,44081481.92230000000
GM0363,2020GM0363,Amsterdam,NEE,6074,1,5273,872757,432879,439878,14,12,36,24,13,64,24,8,3,475368,54,21,24,1.80000000000,19,36,9,1,7,5,13,21949,16550,5399,141152.94701300000,196552344.42000000000
GM0370,2020GM0370,Beemster,NEE,650,4,142,10022,5003,5019,17,11,22,30,20,47,42,6,5,4041,27,32,41,2.40000000000,6,5,0,0,1,0,3,7207,7058,149,38553.58593380000,72067164.48830000000
GM0373,2020GM0373,Bergen (NH.),NEE,819,4,302,29839,14399,15440,12,11,14,31,33,40,43,9,7,13836,37,33,30,2.10000000000,10,4,0,0,0,0,3,12023,9896,2127,57488.47456300000,99874183.37870000000
GM0375,2020GM0375,Beverwijk,NEE,2730,1,2262,41626,20906,20720,16,11,26,28,18,49,37,9,5,19072,38,27,35,2.20000000000,12,16,1,0,1,6,7,2009,1840,168,26054.81674370000,18911330.56570000000
GM0376,2020GM0376,Blaricum,NEE,1077,3,1038,11538,5618,5920,18,9,20,27,25,43,44,8,5,4943,30,32,38,2.30000000000,11,9,2,0,1,1,4,1556,1111,445,31894.91145790000,11129518.11010000000
GM0377,2020GM0377,Bloemendaal,NEE,1086,3,592,23571,11384,12187,18,11,15,30,27,44,43,7,6,9765,31,31,37,2.30000000000,14,5,0,1,1,0,4,4523,3979,544,43702.85900290000,40504668.73040000000
GM0383,2020GM0383,Castricum,NEE,1345,3,724,35986,17754,18232,14,12,19,30,25,44,42,7,6,15778,33,32,35,2.20000000000,7,5,0,0,0,0,3,6040,4968,1072,43658.07998460000,55231159.73980000000
GM0384,2020GM0384,Diemen,NEE,2716,1,2566,30780,15049,15731,15,16,30,24,15,58,31,7,4,15640,48,23,29,2.00000000000,18,30,3,2,8,3,14,1404,1199,204,24257.23210050000,12921745.93560000000
GM0385,2020GM0385,Edam-Volendam,NEE,1302,3,666,36197,18097,18100,16,13,22,29,21,44,45,6,5,14854,28,31,40,2.40000000000,4,5,1,0,0,0,3,8000,5433,2566,55945.46189060000,57236853.61040000000
GM0388,2020GM0388,Enkhuizen,NEE,1388,3,1466,18591,9326,9265,16,11,24,28,22,45,40,10,5,8622,38,30,32,2.10000000000,9,7,1,0,1,2,4,11625,1268,10356,48816.05744450000,13327634.98390000000
GM0392,2020GM0392,Haarlem,NEE,3557,1,5585,162902,79910,82992,17,10,29,27,17,55,32,9,4,78171,44,25,32,2.10000000000,14,16,3,1,1,4,7,3209,2917,292,30505.56610930000,32091235.39950000000
GM0394,2020GM0394,Haarlemmermeer,NEE,1523,2,790,156002,77677,78325,17,13,24,30,17,48,41,7,4,65732,31,28,41,2.40000000000,12,17,3,1,3,2,9,20631,19748,883,72707.54259920000,206313021.94500000000
GM0396,2020GM0396,Heemskerk,NEE,2339,2,1433,39182,19184,19998,15,11,22,30,22,44,42,9,6,17342,33,31,36,2.20000000000,10,11,1,0,1,3,6,3168,2734,434,29208.26202820000,27760141.40070000000
GM0397,2020GM0397,Heemstede,NEE,1772,2,2968,27234,12875,14359,18,9,18,28,27,45,40,8,7,12019,37,29,35,2.20000000000,13,7,1,0,1,1,5,964,918,47,13827.21494560000,9644212.57323000000
GM0398,2020GM0398,Heerhugowaard,NEE,1693,2,1507,57587,29042,28545,18,12,25,27,18,48,40,8,4,23770,30,30,40,2.40000000000,9,13,1,1,1,2,7,3999,3821,178,34921.72125220000,39991607.79200000000
GM0399,2020GM0399,Heiloo,NEE,1349,3,1282,23968,11809,12159,15,11,18,30,26,43,43,7,6,10770,35,32,33,2.20000000000,8,5,0,0,0,0,4,1901,1870,31,20550.12235310000,19013662.40760000000
GM0400,2020GM0400,Den Helder,NEE,1690,2,1244,56296,27926,28370,14,11,23,29,23,44,40,11,6,27069,41,30,30,2.00000000000,10,11,0,2,1,1,6,17880,4525,13355,49864.68532720000,47430330.37550000000
GM0402,2020GM0402,Hilversum,NEE,2750,1,1991,90831,44619,46212,17,11,26,27,19,51,36,8,5,42697,41,26,33,2.10000000000,14,15,3,1,1,3,8,4635,4561,74,45018.29891850000,46348607.55150000000
GM0405,2020GM0405,Hoorn,NEE,1678,2,3595,73261,36149,37112,16,12,25,28,19,49,37,10,5,33162,37,27,36,2.20000000000,10,15,2,1,3,2,7,5346,2038,3308,38358.94349000000,20889118.83570000000
GM0406,2020GM0406,Huizen,NEE,2029,2,2611,41273,19942,21331,15,11,20,30,24,43,42,9,5,18470,35,31,34,2.20000000000,10,11,3,0,1,2,5,2332,1581,752,30438.04483070000,15927036.21350000000
GM0415,2020GM0415,Landsmeer,NEE,1037,3,510,11491,5542,5949,17,11,20,30,22,46,42,7,5,4855,29,30,41,2.40000000000,9,9,1,0,2,1,5,2650,2253,398,22534.22313540000,26504137.78760000000
GM0416,2020GM0416,Langedijk,NEE,939,4,1179,28163,14011,14152,16,12,22,29,21,46,43,7,5,11727,28,33,39,2.40000000000,6,5,1,0,0,0,3,2703,2388,314,30434.86861030000,27029326.63910000000
GM0417,2020GM0417,Laren,NEE,1094,3,909,11282,5310,5972,15,10,15,29,31,40,41,10,9,4997,37,31,32,2.20000000000,14,6,0,1,0,0,5,1241,1241,0,16553.14777710000,12411359.77180000000
GM0420,2020GM0420,Medemblik,NEE,523,4,371,45101,22962,22139,16,12,22,29,21,46,42,7,5,19044,31,33,37,2.30000000000,8,5,0,0,0,1,3,25756,12142,13615,92026.35401800000,126193827.70200000000
GM0431,2020GM0431,Oostzaan,NEE,1061,3,845,9735,4803,4932,16,12,21,31,21,44,43,7,5,4084,28,30,42,2.40000000000,7,8,1,0,1,1,5,1608,1153,455,18805.43552620000,16075517.09810000000
GM0432,2020GM0432,Opmeer,NEE,517,4,285,11836,6013,5823,15,13,22,29,21,47,43,6,5,5018,31,32,37,2.30000000000,6,3,0,0,0,0,2,4194,4150,44,32523.15098580000,41943395.58220000000
GM0437,2020GM0437,Ouder-Amstel,NEE,1312,3,583,14026,6856,7170,17,12,21,29,21,51,37,7,5,6314,37,27,36,2.20000000000,13,15,1,1,4,1,8,2578,2408,171,32613.18339630000,25782332.46350000000
GM0439,2020GM0439,Purmerend,NEE,2229,2,3509,81249,39642,41607,15,12,24,30,20,46,39,9,5,36654,35,28,37,2.20000000000,9,18,2,1,5,1,9,2456,2315,141,23693.90436110000,24559851.27630000000
GM0441,2020GM0441,Schagen,NEE,738,4,276,46483,23241,23242,15,12,20,29,24,44,42,8,6,20548,34,33,34,2.20000000000,7,4,0,0,0,0,3,18728,16825,1903,71628.71102250000,172094678.70000000000
GM0448,2020GM0448,Texel,NEE,473,5,84,13575,6740,6835,13,10,20,32,26,42,43,9,6,6414,38,34,28,2.10000000000,7,4,0,0,0,0,3,46316,16200,30116,116824.87813100000,164593368.84500000000
GM0450,2020GM0450,Uitgeest,NEE,1104,3,713,13666,6891,6775,17,13,23,30,18,47,42,7,4,5701,28,31,41,2.40000000000,7,6,0,0,1,0,4,2229,1916,313,24378.20933640000,22290553.89180000000
GM0451,2020GM0451,Uithoorn,NEE,1429,3,1625,29478,14513,14965,16,12,23,30,19,47,40,8,5,12792,33,27,40,2.30000000000,12,15,3,1,2,1,9,1942,1814,128,24200.74753829990,19419052.61420000000
GM0453,2020GM0453,Velsen,NEE,1846,2,1519,68648,34090,34558,15,12,22,30,20,46,40,9,6,31058,36,29,36,2.20000000000,10,10,1,0,1,2,5,6317,4520,1797,65336.17214040000,49464315.18990000000
GM0457,2020GM0457,Weesp,NEE,1773,2,866,19738,9611,10127,17,9,25,28,20,49,38,8,5,9174,39,28,33,2.10000000000,12,16,6,1,2,2,7,2416,2279,137,26921.31627870000,24160715.74350000000
GM0473,2020GM0473,Zandvoort,NEE,1815,2,533,17116,8248,8868,13,9,21,31,26,46,36,12,6,8555,43,27,29,2.00000000000,14,9,1,1,1,1,6,4397,3212,1186,25469.83386690000,33739813.79240000000
GM0479,2020GM0479,Zaanstad,NEE,2048,2,2123,156794,77563,79231,16,12,26,28,18,49,37,9,5,70358,36,27,37,2.20000000000,11,22,3,1,4,8,7,8324,7387,937,42049.47827410000,83235283.49600000000
GM0482,2020GM0482,Alblasserdam,NEE,1519,2,2297,20165,9914,10251,19,12,23,26,20,44,45,6,6,8236,30,30,39,2.40000000000,7,8,1,1,1,3,3,1006,878,128,17106.38168430000,10060080.58180000000
GM0484,2020GM0484,Alphen aan den Rijn,NEE,1835,2,886,111897,55741,56156,16,12,25,28,19,47,41,7,5,48720,33,31,36,2.30000000000,9,11,3,1,1,1,5,13250,12623,626,58099.77011300000,132495868.49400000000
GM0489,2020GM0489,Barendrecht,NEE,1671,2,2467,48714,23992,24722,18,13,21,30,18,45,44,7,4,19273,25,30,45,2.50000000000,8,17,2,1,5,3,6,2173,1975,198,19983.87173590000,21730585.05540000000
GM0498,2020GM0498,Drechterland,NEE,502,4,335,19719,9990,9729,16,12,22,29,22,45,44,6,5,8201,28,35,38,2.40000000000,7,4,0,0,0,0,3,8059,5889,2170,39748.97076080000,59533226.04070000000
GM0501,2020GM0501,Brielle,NEE,882,4,627,17271,8504,8767,14,11,22,31,23,41,44,9,6,7795,33,34,34,2.20000000000,9,6,0,1,1,1,3,3114,2755,360,27945.82055430000,31143268.23330000000
GM0502,2020GM0502,Capelle aan den IJssel,NEE,2301,2,4747,67122,32505,34617,16,11,24,28,20,48,37,9,5,31343,39,27,34,2.10000000000,11,25,2,4,7,2,11,1540,1414,126,24960.11992830000,15399973.43420000000
GM0503,2020GM0503,Delft,NEE,3509,1,4573,103595,54733,48862,12,20,29,23,16,60,29,8,4,58852,57,22,21,1.70000000000,15,22,2,2,2,3,13,2406,2265,141,28619.17761280000,24062232.06290000000
GM0505,2020GM0505,Dordrecht,NEE,2510,1,1519,119284,59044,60240,16,12,25,28,19,47,38,9,5,55014,39,27,34,2.10000000000,12,19,2,3,2,6,6,9947,7854,2093,55314.22753390000,98616098.24420000000
GM0512,2020GM0512,Gorinchem,NEE,1742,2,1966,37022,18393,18629,16,12,25,28,18,47,39,9,5,16666,38,28,35,2.20000000000,10,17,5,1,1,5,5,2193,1883,311,24083.72845550000,21932312.72140000000
GM0513,2020GM0513,Gouda,NEE,2546,1,4449,73427,36047,37380,16,12,25,27,19,48,39,8,5,33475,39,29,33,2.20000000000,9,17,10,1,1,1,5,1811,1650,161,23321.74786000000,18113363.36950000000
GM0518,2020GM0518,'s-Gravenhage,NEE,4939,1,6620,545838,271121,274717,17,12,30,26,15,57,30,9,4,268306,48,21,31,2.00000000000,19,36,6,3,8,8,12,9813,8245,1568,84316.87931020000,85534737.05660000000
GM0523,2020GM0523,Hardinxveld-Giessendam,NEE,983,4,1082,18295,9132,9163,19,13,24,25,19,43,48,4,5,7110,28,31,41,2.50000000000,4,4,1,0,0,0,3,1935,1691,245,25256.37889270000,19354825.67960000000
GM0530,2020GM0530,Hellevoetsluis,NEE,1511,2,977,40142,19881,20261,15,11,23,30,21,42,44,9,5,18035,32,32,35,2.20000000000,9,10,0,2,1,2,4,6120,4110,2011,50550.73745400000,41904670.63210000000
GM0531,2020GM0531,Hendrik-Ido-Ambacht,NEE,1823,2,2940,31202,15344,15858,21,11,25,26,17,45,45,6,4,12197,25,31,44,2.50000000000,6,9,1,1,1,1,4,1190,1061,129,18682.42952370000,11900762.58730000000
GM0532,2020GM0532,Stede Broec,NEE,1140,3,1498,21726,10926,10800,16,12,22,27,22,43,45,7,5,9161,28,34,37,2.30000000000,8,5,0,0,1,0,3,1637,1450,187,17294.45499890000,15564773.42120000000
GM0534,2020GM0534,Hillegom,NEE,1561,2,1725,22209,11032,11177,16,11,24,29,21,46,41,8,5,9904,34,31,35,2.20000000000,12,7,1,0,0,0,4,1347,1287,59,15673.70829870000,13465591.18570000000
GM0537,2020GM0537,Katwijk,NEE,2153,2,2657,65753,32630,33123,18,12,25,26,18,45,45,6,5,26615,31,29,40,2.40000000000,6,6,1,0,0,1,4,3115,2475,640,27763.74174660000,26306345.20980000000
GM0542,2020GM0542,Krimpen aan den IJssel,NEE,1971,2,3841,29526,14259,15267,17,12,20,26,24,42,45,7,6,12420,30,32,38,2.30000000000,7,9,1,1,2,1,5,895,769,126,16460.04184630000,8949064.24864000000
GM0546,2020GM0546,Leiden,NEE,3765,1,5710,125099,60556,64543,13,18,30,24,15,60,29,7,4,68699,54,23,22,1.80000000000,15,17,4,1,1,2,8,2327,2191,136,25762.21567010000,23270262.14190000000
GM0547,2020GM0547,Leiderdorp,NEE,2442,2,2337,27056,13095,13961,16,11,21,29,23,45,42,8,6,12124,35,30,35,2.20000000000,10,12,1,1,2,2,6,1228,1158,70,16410.82264720000,12275656.35920000000
GM0553,2020GM0553,Lisse,NEE,1644,2,1463,22955,11300,11655,15,11,22,29,23,43,43,8,6,10227,33,32,35,2.20000000000,9,5,0,0,1,0,4,1605,1569,36,19182.12756410000,16054142.65780000000
GM0556,2020GM0556,Maassluis,NEE,1986,2,3918,33213,16294,16919,16,11,24,27,23,44,43,8,6,14982,34,32,34,2.20000000000,9,19,4,2,2,6,5,1012,848,165,15381.68996850000,10124598.71360000000
GM0569,2020GM0569,Nieuwkoop,NEE,503,4,369,28811,14550,14261,16,11,22,30,21,46,44,6,5,11808,28,34,38,2.40000000000,7,5,1,0,1,0,3,9116,7805,1311,55845.52621240000,91162781.42490000000
GM0575,2020GM0575,Noordwijk,NEE,1396,3,745,43508,21839,21669,15,11,23,29,22,47,40,8,5,19680,37,30,33,2.20000000000,12,5,1,0,0,0,4,7494,5837,1657,38165.65064160000,59363556.57010000000
GM0579,2020GM0579,Oegstgeest,NEE,1750,2,3399,24840,12002,12838,18,11,22,28,20,47,41,7,5,10773,34,29,37,2.30000000000,16,9,1,1,1,1,6,797,731,66,19161.60087320000,7967206.33546000000
GM0589,2020GM0589,Oudewater,NEE,865,4,263,10230,5046,5184,17,12,21,29,21,47,41,6,6,4265,31,32,38,2.40000000000,4,4,1,0,0,0,3,4010,3890,120,35939.28652880000,40101337.28740000000
GM0590,2020GM0590,Papendrecht,NEE,1920,2,3414,32136,15799,16337,16,12,23,27,22,42,45,8,6,14076,32,32,37,2.30000000000,8,10,1,1,2,1,5,1079,941,138,14916.68398880000,10789958.14780000000
GM0597,2020GM0597,Ridderkerk,NEE,1714,2,1948,46189,22340,23849,15,11,22,28,25,42,44,7,7,20803,34,32,34,2.20000000000,8,12,1,1,2,2,6,2526,2372,155,22829.62069900000,25262859.64990000000
GM0599,2020GM0599,Rotterdam,NEE,3994,1,2993,651157,321339,329818,16,13,31,25,15,57,29,10,4,328283,48,22,29,2.00000000000,13,39,7,4,8,7,12,32414,21755,10659,159619.46488100000,294298579.11900000000
GM0603,2020GM0603,Rijswijk,NEE,3151,1,3901,54450,26167,28283,17,9,27,26,22,49,36,10,6,26470,42,27,31,2.00000000000,15,22,3,2,5,2,10,1449,1396,53,17278.66650370000,14488091.22880000000
GM0606,2020GM0606,Schiedam,NEE,3299,1,4417,78730,39244,39486,16,12,28,27,17,51,35,9,5,37562,42,25,33,2.10000000000,14,30,3,3,4,10,10,1986,1782,203,23196.56658750000,19857484.72870000000
GM0610,2020GM0610,Sliedrecht,NEE,1609,2,1965,25220,12477,12743,18,12,25,25,20,44,44,6,6,10430,34,30,37,2.30000000000,5,10,1,1,1,2,5,1401,1284,118,16189.38115290000,14014161.71060000000
GM0613,2020GM0613,Albrandswaard,NEE,1035,3,1180,25590,12677,12913,18,11,22,31,17,45,43,7,4,10508,28,30,42,2.40000000000,8,14,1,1,4,2,5,2376,2169,207,21739.71395330000,23755796.74190000000
GM0614,2020GM0614,Westvoorne,NEE,614,4,277,14731,7338,7393,13,10,18,33,27,37,48,8,7,6668,31,37,32,2.20000000000,7,4,0,1,1,0,3,9748,5318,4430,49088.67635910000,58423935.85130000000
GM0622,2020GM0622,Vlaardingen,NEE,2794,1,3114,73397,35707,37690,16,11,25,27,21,47,38,9,6,34717,40,27,33,2.10000000000,11,21,3,2,2,7,7,2669,2357,312,21773.26112340000,26691378.02890000000
GM0626,2020GM0626,Voorschoten,NEE,1856,2,2297,25596,12328,13268,17,11,21,28,23,45,42,8,6,11225,34,30,36,2.30000000000,13,10,1,1,1,1,6,1156,1114,42,16359.62421060000,11559446.10070000000
GM0627,2020GM0627,Waddinxveen,NEE,1566,2,1055,29291,14500,14791,18,11,25,26,20,44,45,6,5,12186,29,33,38,2.40000000000,8,10,3,1,1,1,4,2940,2777,162,30065.16276010000,29396575.91740000000
GM0629,2020GM0629,Wassenaar,NEE,1445,3,515,26305,12443,13862,17,12,16,30,26,43,43,8,6,11529,35,29,36,2.20000000000,22,12,1,1,1,1,9,6240,5111,1130,32853.21941080000,52900642.75590000000
GM0632,2020GM0632,Woerden,NEE,1374,3,590,52299,25846,26453,18,12,23,28,19,48,41,7,5,21873,31,30,39,2.40000000000,7,9,3,0,1,0,4,9292,8857,435,51535.71685270000,92923080.04790000000
GM0637,2020GM0637,Zoetermeer,NEE,2523,1,3637,125285,61192,64093,17,11,25,28,19,47,39,10,4,56027,34,29,37,2.20000000000,11,21,2,2,7,1,9,3705,3445,260,28100.71199610000,37051002.71750000000
GM0638,2020GM0638,Zoeterwoude,NEE,755,4,406,8605,4306,4299,15,12,21,31,21,46,43,6,5,3479,28,33,39,2.40000000000,7,6,1,0,1,1,4,2196,2119,77,22557.74427070000,21958026.19510000000
GM0642,2020GM0642,Zwijndrecht,NEE,2072,2,2204,44737,21694,23043,16,11,24,26,23,43,42,8,6,20162,34,31,35,2.20000000000,8,15,2,2,2,3,6,2277,2030,247,21357.28153140000,22774742.83530000000
GM0654,2020GM0654,Borsele,NEE,320,5,161,22739,11549,11190,17,12,21,29,21,43,46,7,5,9505,30,34,36,2.40000000000,7,3,0,0,0,0,2,19452,14157,5295,79879.51979430000,142720753.39200000000
GM0664,2020GM0664,Goes,NEE,1333,3,411,38082,18692,19390,14,11,22,29,24,43,42,9,6,17776,39,31,30,2.10000000000,9,8,1,0,1,1,5,10192,9258,934,76400.26373870000,94570937.50710000000
GM0668,2020GM0668,West Maas en Waal,NEE,423,5,252,19324,9699,9625,14,11,21,33,21,43,45,7,6,8303,29,36,35,2.30000000000,6,3,0,0,0,0,2,8521,7676,845,47760.90179570000,85209116.80240000000
GM0677,2020GM0677,Hulst,NEE,507,4,137,27556,13808,13748,13,10,20,32,25,40,45,8,6,12668,33,36,31,2.10000000000,25,3,0,0,0,0,3,25182,20171,5011,294184.51414300000,204375992.57500000000
GM0678,2020GM0678,Kapelle,NEE,645,4,342,12695,6325,6370,17,12,21,28,21,41,48,6,5,5271,27,36,37,2.40000000000,6,4,0,0,1,0,3,4963,3713,1250,36709.68988710000,38035848.23450000000
GM0687,2020GM0687,Middelburg,NEE,1740,2,1008,48822,23700,25122,16,12,23,27,22,45,41,9,5,23052,41,29,30,2.10000000000,10,9,1,1,1,2,5,5304,4842,462,53181.94765730000,49759206.37100000000
GM0703,2020GM0703,Reimerswaal,NEE,518,4,223,22730,11438,11292,21,13,24,25,17,46,45,5,5,9060,31,30,39,2.50000000000,10,4,0,0,0,1,3,24242,10180,14062,104952.14028700000,112879890.92900000000
GM0715,2020GM0715,Terneuzen,NEE,871,4,217,54426,27065,27361,14,10,21,29,25,40,44,9,7,25688,37,33,30,2.10000000000,20,8,1,1,0,2,4,31776,25038,6738,131333.24074000000,260976375.89500000000
GM0716,2020GM0716,Tholen,NEE,482,5,176,25757,12887,12870,18,12,23,27,19,43,46,6,5,10503,30,33,37,2.40000000000,6,4,1,0,0,0,2,25400,14671,10730,150565.75045600000,156091381.81900000000
GM0717,2020GM0717,Veere,NEE,344,5,165,21880,10917,10963,15,11,18,29,27,38,50,6,6,9450,31,38,32,2.30000000000,6,3,0,0,0,0,2,20655,13256,7399,144388.72728900000,134293366.54500000000
GM0718,2020GM0718,Vlissingen,NEE,1952,2,1293,44360,22103,22257,14,11,23,28,24,45,39,10,6,22342,44,28,27,2.00000000000,14,12,2,2,2,1,5,34484,3431,31052,73964.49991170000,35406808.75610000000
GM0736,2020GM0736,De Ronde Venen,NEE,879,4,445,44456,22028,22428,15,12,21,31,21,45,42,7,5,19125,31,31,38,2.30000000000,9,8,2,0,1,1,4,11698,9992,1706,56851.88615010000,116979238.07700000000
GM0737,2020GM0737,Tytsjerksteradiel,NEE,476,5,215,32052,16040,16012,16,11,20,28,23,44,44,6,6,13639,31,34,35,2.30000000000,3,3,0,0,0,0,3,16141,14886,1254,80524.26258860000,161405570.96500000000
GM0743,2020GM0743,Asten,NEE,954,4,238,16721,8590,8131,15,12,21,29,23,44,44,6,6,7159,32,33,35,2.30000000000,8,4,1,0,0,0,3,7134,7017,117,40251.42486770000,71339257.44060000000
GM0744,2020GM0744,Baarle-Nassau,NEE,343,5,90,6859,3457,3402,14,9,21,29,27,41,45,8,7,3076,33,35,32,2.20000000000,23,3,0,0,0,0,2,7629,7614,15,99202.10658520000,76285114.92610000000
GM0748,2020GM0748,Bergen op Zoom,NEE,1861,2,844,67496,33467,34029,15,11,23,30,22,43,42,9,6,30447,35,32,33,2.20000000000,10,15,5,0,1,5,4,9313,7996,1317,48708.80620750000,93127929.26080000000
GM0753,2020GM0753,Best,NEE,1409,3,874,29988,15028,14960,15,13,22,31,19,44,44,7,5,12839,29,32,38,2.30000000000,10,8,1,0,1,2,4,3510,3430,80,28373.65504760000,35100687.07110000000
GM0755,2020GM0755,Boekel,NEE,537,4,313,10785,5497,5288,16,13,23,29,19,48,42,5,5,4170,25,33,41,2.50000000000,6,2,0,0,0,0,2,3452,3451,1,25411.77070880000,34516110.53140000000
GM0756,2020GM0756,Boxmeer,NEE,666,4,263,29365,14754,14611,14,12,20,31,23,44,44,6,6,12515,30,36,34,2.30000000000,7,5,0,0,0,1,3,11384,11144,240,65685.76414490000,113843005.07000000000
GM0757,2020GM0757,Boxtel,NEE,1218,3,483,30801,15364,15437,15,12,22,28,22,45,42,7,6,13607,34,32,34,2.20000000000,8,9,2,1,1,1,4,6485,6373,112,43641.20412650000,64846132.85260000000
GM0758,2020GM0758,Breda,NEE,2186,2,1464,184069,90569,93500,15,14,26,26,19,53,34,8,5,88351,43,27,30,2.10000000000,11,13,3,1,1,2,6,12868,12574,294,65625.78592250000,128680442.02400000000
GM0762,2020GM0762,Deurne,NEE,887,4,278,32471,16364,16107,15,12,22,30,22,44,43,6,6,13764,30,34,36,2.30000000000,6,4,1,0,0,0,3,11836,11693,142,55524.72747840000,118355776.28000000000
GM0765,2020GM0765,Pekela,NEE,531,4,249,12196,6144,6052,15,11,21,30,23,43,42,9,7,5547,33,34,33,2.20000000000,6,3,0,0,0,0,2,5020,4904,117,35590.71135210000,50204905.52450000000
GM0766,2020GM0766,Dongen,NEE,1199,3,897,26222,13095,13127,15,11,23,29,21,43,44,7,6,11164,29,34,37,2.30000000000,7,7,0,0,1,3,3,2974,2924,50,28686.73117520000,29739736.92000000000
GM0770,2020GM0770,Eersel,NEE,572,4,234,19313,9785,9528,15,11,21,30,23,43,45,6,5,8118,29,36,35,2.30000000000,7,3,0,0,0,0,3,8333,8246,86,62743.92442870000,83325783.05940000000
GM0772,2020GM0772,Eindhoven,NEE,2680,1,2674,234394,120779,113615,14,14,31,24,17,55,32,8,4,120980,48,25,26,1.90000000000,15,22,3,1,2,5,12,8892,8766,126,50128.12418500000,88915366.81650000000
GM0777,2020GM0777,Etten-Leur,NEE,1669,2,793,43878,21680,22198,17,11,24,28,21,44,43,8,5,18881,30,32,37,2.30000000000,10,10,2,1,1,2,4,5592,5530,62,38573.99576200000,55921294.14100000000
GM0779,2020GM0779,Geertruidenberg,NEE,1090,3,809,21544,10700,10844,16,11,23,30,21,43,43,8,6,9385,30,33,37,2.30000000000,6,4,0,0,1,0,3,2964,2663,301,24000.89612490000,29639808.61480000000
GM0784,2020GM0784,Gilze en Rijen,NEE,1081,3,404,26431,13182,13249,16,11,22,29,21,43,44,8,5,11200,29,34,36,2.30000000000,8,9,1,1,0,4,4,6566,6538,28,44196.77032700000,65664671.56740000000
GM0785,2020GM0785,Goirle,NEE,1177,3,556,23904,11854,12050,17,10,21,29,23,43,45,7,5,10192,28,35,36,2.30000000000,7,5,0,0,0,1,3,4338,4299,38,42378.74624430000,43378680.33240000000
GM0786,2020GM0786,Grave,NEE,637,4,457,12436,6327,6109,14,11,21,30,23,44,42,8,6,5318,32,34,34,2.20000000000,9,5,0,0,0,0,4,2803,2718,85,27821.83713220000,28032978.08630000000
GM0788,2020GM0788,Haaren,NEE,378,5,249,14370,7285,7085,14,12,19,32,23,44,45,6,5,5912,28,36,36,2.30000000000,5,3,0,0,0,0,2,5856,5770,86,43473.34770630000,58560349.48330000000
GM0794,2020GM0794,Helmond,NEE,1759,2,1738,92423,46683,45740,16,12,25,29,17,47,39,9,5,41077,35,29,37,2.20000000000,14,14,4,1,1,3,5,5475,5318,158,42796.51726200000,54752516.15860000000
GM0796,2020GM0796,'s-Hertogenbosch,NEE,1985,2,1410,155111,76606,78505,15,12,27,28,18,51,36,9,5,73408,40,29,31,2.10000000000,9,12,3,1,1,2,5,11781,10999,782,70298.64586210000,117812748.64900000000
GM0797,2020GM0797,Heusden,NEE,1092,3,567,44692,22425,22267,15,11,22,30,21,44,44,7,5,19095,29,34,37,2.30000000000,8,7,1,0,0,2,3,8122,7888,234,45677.50218300000,81219438.95080000000
GM0798,2020GM0798,Hilvarenbeek,NEE,585,4,164,15518,7779,7739,15,11,20,31,23,43,46,6,6,6540,28,36,36,2.30000000000,6,3,0,0,0,0,2,9651,9485,166,53022.48361070000,96507470.16110000000
GM0809,2020GM0809,Loon op Zand,NEE,1068,3,469,23408,11629,11779,15,11,22,30,23,43,44,7,6,10127,30,35,36,2.30000000000,7,4,0,0,0,1,2,5071,4994,77,33680.24056710000,50711553.86300000000
GM0815,2020GM0815,Mill en Sint Hubert,NEE,318,5,209,10939,5594,5345,14,11,20,32,22,43,45,6,6,4561,27,37,36,2.40000000000,4,2,0,0,0,0,2,5317,5223,95,35463.75866160000,53174083.10300000000
GM0820,2020GM0820,"Nuenen, Gerwen en Nederwetten",NEE,1113,3,694,23383,11551,11832,15,11,19,29,26,41,46,8,6,10144,29,36,35,2.30000000000,9,4,0,0,0,0,3,3394,3371,23,35140.84077270000,33943542.68150000000
GM0823,2020GM0823,Oirschot,NEE,615,4,184,18714,9421,9293,14,12,20,32,22,44,45,6,5,7714,28,35,38,2.40000000000,5,3,0,0,0,0,2,10284,10178,106,60530.44443870000,102844864.76000000000
GM0824,2020GM0824,Oisterwijk,NEE,1007,3,411,26245,12901,13344,15,11,20,30,24,44,43,7,6,11257,31,34,35,2.30000000000,7,5,1,0,0,0,3,6513,6384,128,38356.50782590000,65126830.84960000000
GM0826,2020GM0826,Oosterhout,NEE,1540,2,783,55982,27617,28365,15,11,22,29,22,43,43,9,6,25055,32,34,34,2.20000000000,9,11,3,1,1,3,4,7309,7147,162,43160.60691760000,73086769.61360000000
GM0828,2020GM0828,Oss,NEE,1397,3,563,91915,46213,45702,15,12,23,29,20,46,41,8,5,40557,34,31,36,2.20000000000,9,10,1,0,1,5,4,17093,16316,777,72612.98137070000,170929379.20800000000
GM0840,2020GM0840,Rucphen,NEE,671,4,355,22878,11531,11347,13,10,21,33,22,38,48,7,7,9927,28,36,36,2.30000000000,7,3,0,0,0,0,2,6448,6441,6,47890.12536510000,64475178.98580000000
GM0845,2020GM0845,Sint-Michielsgestel,NEE,629,4,500,29208,14677,14531,16,11,20,30,22,44,45,6,6,11992,28,34,39,2.40000000000,5,3,0,0,0,0,2,5934,5838,96,52829.04287340000,59341507.33020000000
GM0847,2020GM0847,Someren,NEE,730,4,241,19368,9868,9500,14,12,23,31,20,44,45,6,6,8188,29,35,36,2.30000000000,7,3,0,0,0,0,2,8150,8027,123,41763.72936620000,81500588.34410000000
GM0848,2020GM0848,Son en Breugel,NEE,687,4,667,17322,8535,8787,17,11,22,28,22,44,43,7,6,7264,29,33,38,2.40000000000,9,4,0,0,0,0,3,2651,2595,56,28176.76083490000,26506821.62810000000
GM0851,2020GM0851,Steenbergen,NEE,726,4,167,24416,12454,11962,14,11,23,31,22,43,44,7,6,11255,35,34,31,2.10000000000,11,4,0,0,1,0,3,15914,14643,1272,76801.74574120000,150795696.03200000000
GM0852,2020GM0852,Waterland,NEE,645,4,334,17424,8555,8869,16,11,19,30,25,44,44,6,6,7558,31,32,37,2.30000000000,8,6,0,0,1,0,4,11566,5211,6355,67190.46368740000,55832503.77940000000
GM0855,2020GM0855,Tilburg,NEE,2799,1,1892,219789,109487,110302,15,15,28,26,17,54,33,8,5,108875,46,26,29,2.00000000000,12,17,3,2,2,4,6,11813,11617,196,63100.78932940000,118128615.66300000000
GM0856,2020GM0856,Uden,NEE,1378,3,629,42119,20911,21208,15,12,23,28,21,46,40,8,5,18724,34,31,35,2.20000000000,9,8,1,0,1,3,3,6753,6700,53,42076.01715680000,67531796.53490000000
GM0858,2020GM0858,Valkenswaard,NEE,1478,3,568,31193,15496,15697,13,11,21,29,25,42,43,9,6,14493,35,34,31,2.10000000000,10,5,0,0,0,0,4,5650,5492,159,45192.26013350000,56501690.43590000000
GM0861,2020GM0861,Veldhoven,NEE,1681,2,1435,45466,22760,22706,15,11,23,29,22,43,44,8,5,20019,32,33,35,2.20000000000,10,8,0,0,1,1,6,3189,3169,20,29496.46597760000,31885479.42920000000
GM0865,2020GM0865,Vught,NEE,1291,3,787,26558,13281,13277,17,10,22,29,21,47,39,8,6,11272,34,30,37,2.30000000000,9,5,0,1,0,0,3,3469,3375,94,31493.66624750000,34692360.51780000000
GM0866,2020GM0866,Waalre,NEE,850,4,780,17456,8681,8775,17,10,20,29,24,43,44,7,6,7579,31,33,36,2.30000000000,11,6,0,1,1,1,4,2266,2239,28,21224.78747130000,22663852.62240000000
GM0867,2020GM0867,Waalwijk,NEE,1310,3,753,48637,24239,24398,15,11,25,28,21,44,42,8,6,21824,34,32,34,2.20000000000,10,9,1,0,1,3,4,6765,6458,307,42118.00915650000,67646236.55230000000
GM0873,2020GM0873,Woensdrecht,NEE,664,4,239,21876,10982,10894,14,11,21,31,24,39,47,7,6,9622,29,37,34,2.20000000000,21,4,0,0,0,0,2,9197,9166,31,48462.37748400000,91970084.92290000000
GM0879,2020GM0879,Zundert,NEE,542,4,181,21829,11139,10690,13,11,21,32,22,44,44,6,6,9501,31,36,33,2.30000000000,12,4,1,0,0,0,2,12121,12065,56,56698.52315020000,121207154.71900000000
GM0880,2020GM0880,Wormerland,NEE,1464,3,422,16270,8063,8207,14,12,19,31,23,44,43,7,6,7107,31,32,37,2.30000000000,7,7,1,0,1,1,4,4518,3859,659,30721.22535120000,45175279.43980000000
GM0882,2020GM0882,Landgraaf,NEE,1457,3,1523,37445,18456,18989,12,10,21,31,25,39,44,10,7,17697,35,34,31,2.10000000000,18,5,0,0,0,0,3,2467,2458,8,26438.36930770000,24665401.47470000000
GM0888,2020GM0888,Beek,NEE,890,4,754,15865,7749,8116,12,10,21,31,26,39,46,8,7,7320,32,36,32,2.10000000000,10,5,1,0,0,0,3,2103,2103,0,24546.08002410000,21033748.67910000000
GM0889,2020GM0889,Beesel,NEE,741,4,482,13482,6785,6697,14,11,20,31,24,40,47,7,6,5895,29,36,35,2.30000000000,11,6,3,0,0,1,2,2915,2799,117,24921.64003720000,29154112.14910000000
GM0893,2020GM0893,Bergen (L.),NEE,315,5,127,13085,6547,6538,13,11,19,33,24,41,46,7,7,5650,28,37,35,2.30000000000,13,3,0,0,0,0,2,10850,10324,525,61497.56354150000,108495099.15700000000
GM0899,2020GM0899,Brunssum,NEE,1664,2,1613,27821,13706,14115,13,10,21,31,25,40,42,11,8,13580,39,32,29,2.00000000000,19,6,1,1,0,0,3,1734,1725,9,19056.28419540000,17338107.76680000000
GM0907,2020GM0907,Gennep,NEE,641,4,355,16921,8661,8260,14,11,20,31,24,45,42,7,6,7231,32,34,34,2.20000000000,10,4,1,0,0,0,2,5042,4762,281,36667.26096890000,50423074.75430000000
GM0917,2020GM0917,Heerlen,NEE,1820,2,1938,87086,43321,43765,13,10,24,30,23,46,36,12,7,45247,46,28,26,1.90000000000,18,11,3,1,0,1,6,4553,4494,59,43558.31724180000,45529897.15200000000
GM0928,2020GM0928,Kerkrade,NEE,1743,2,2088,45749,22951,22798,12,9,22,31,26,40,41,11,8,22967,41,31,28,1.90000000000,25,7,1,1,0,1,4,2215,2191,24,27285.62807930000,22152895.65080000000
GM0935,2020GM0935,Maastricht,NEE,2455,2,2172,121575,58120,63455,10,19,24,25,22,53,33,9,6,68903,55,25,20,1.70000000000,22,12,1,1,0,1,8,6012,5599,413,42826.54134500000,60117959.03460000000
GM0938,2020GM0938,Meerssen,NEE,617,4,698,18828,9266,9562,13,10,18,32,27,39,46,8,7,8493,31,37,33,2.20000000000,10,3,0,0,0,0,3,2770,2696,74,35005.49837170000,27695655.83310000000
GM0944,2020GM0944,Mook en Middelaar,NEE,424,5,451,7847,3888,3959,12,11,16,33,27,41,46,7,6,3545,31,37,32,2.20000000000,10,4,0,0,0,0,3,1881,1738,143,19767.34819810000,18810090.20360000000
GM0946,2020GM0946,Nederweert,NEE,644,4,170,17019,8603,8416,14,11,21,31,23,41,47,6,6,7308,28,37,34,2.30000000000,7,3,0,0,0,0,2,10178,9998,180,49918.67118490000,101782071.65200000000
GM0957,2020GM0957,Roermond,NEE,1505,2,958,58260,28821,29439,14,11,25,29,21,47,37,10,6,28005,40,29,30,2.10000000000,15,15,3,1,1,4,6,7105,6081,1024,47473.68800280000,71050925.14820000000
GM0965,2020GM0965,Simpelveld,NEE,681,4,658,10555,5242,5313,13,10,20,31,26,38,47,8,7,4939,33,36,31,2.10000000000,16,2,0,0,0,0,2,1603,1603,0,19831.42324530000,16029947.15520000000
GM0971,2020GM0971,Stein,NEE,903,4,1186,25007,12376,12631,12,10,20,31,27,38,47,8,7,11606,31,38,31,2.10000000000,11,3,1,0,0,0,2,2280,2108,172,30709.66692480000,22799787.75440000000
GM0981,2020GM0981,Vaals,NEE,1056,3,423,10105,5184,4921,10,13,18,31,28,41,42,10,7,5488,48,31,21,1.80000000000,47,5,0,0,0,0,4,2390,2389,1,27675.15748610000,23898053.51250000000
GM0983,2020GM0983,Venlo,NEE,1648,2,819,101802,50752,51050,14,11,24,29,22,45,40,9,6,47964,38,30,31,2.10000000000,17,12,3,0,0,4,4,12899,12425,474,79753.17336890000,128991278.89300000000
GM0984,2020GM0984,Venray,NEE,1008,3,267,43614,22202,21412,14,12,22,30,21,45,42,7,5,19000,33,33,35,2.20000000000,11,9,2,1,1,3,4,16500,16327,173,66263.72618130000,165001831.99100000000
GM0986,2020GM0986,Voerendaal,NEE,547,4,396,12475,6137,6338,14,10,19,31,27,38,47,8,7,5605,29,38,33,2.20000000000,11,3,0,0,0,0,3,3152,3151,1,27238.62709730000,31521108.47030000000
GM0988,2020GM0988,Weert,NEE,1330,3,480,50105,25086,25019,14,11,22,29,23,44,42,8,6,22729,36,32,32,2.20000000000,11,11,4,1,0,1,4,10554,10432,122,50234.98869560000,105535697.50400000000
GM0994,2020GM0994,Valkenburg aan de Geul,NEE,676,4,446,16367,8049,8318,11,10,19,31,29,39,44,9,8,7894,38,34,28,2.00000000000,12,4,0,0,0,0,3,3692,3673,20,34769.07562040000,36924172.88880000000
GM0995,2020GM0995,Lelystad,NEE,1374,3,341,78598,39485,39113,18,12,25,27,18,49,37,10,4,34338,34,28,38,2.30000000000,11,22,3,2,6,3,7,76545,23032,53513,180400.49506800000,255382243.28100000000
GM1507,2020GM1507,Horst aan de Maas,NEE,569,4,225,42429,21388,21041,14,12,22,31,22,45,44,6,6,18092,30,35,35,2.30000000000,9,3,0,0,0,0,2,19192,18873,319,72073.52364970000,191916832.12000000000
GM1509,2020GM1509,Oude IJsselstreek,NEE,649,4,289,39388,19871,19517,14,12,20,31,24,43,44,7,7,17079,32,34,35,2.30000000000,7,7,0,0,0,4,2,13795,13615,180,78692.84316040000,137952278.14100000000
GM1525,2020GM1525,Teylingen,NEE,1402,3,1319,37440,18656,18784,16,12,22,30,20,45,43,7,5,15871,31,31,38,2.30000000000,10,7,1,0,1,0,4,3349,2838,510,31038.89946150000,33486977.10440000000
GM1581,2020GM1581,Utrechtse Heuvelrug,NEE,782,4,376,49580,24301,25279,16,11,18,30,25,44,42,7,6,21590,35,32,33,2.20000000000,9,7,2,0,0,1,4,13394,13201,193,71087.67841070000,133940604.18600000000
GM1586,2020GM1586,Oost Gelre,NEE,741,4,270,29627,15013,14614,15,12,20,30,22,46,42,5,6,12428,29,35,36,2.30000000000,5,3,1,0,0,0,2,11044,10993,50,57380.35238620000,110435506.70400000000
GM1598,2020GM1598,Koggenland,NEE,428,5,283,22749,11464,11285,16,13,21,30,21,46,43,6,5,9318,28,33,39,2.40000000000,5,4,0,0,0,0,3,8408,8032,377,47881.23815740000,83293902.26410000000
GM1621,2020GM1621,Lansingerland,NEE,1310,3,1168,62384,30822,31562,21,12,24,28,15,48,43,6,4,23841,23,29,49,2.60000000000,8,11,2,1,2,1,5,5639,5342,297,40226.07716960000,56392411.81310000000
GM1640,2020GM1640,Leudal,NEE,388,5,220,35879,18146,17733,13,11,20,32,25,42,45,6,6,15765,31,36,33,2.20000000000,10,3,0,0,0,0,2,16491,16273,217,73859.86692110000,164905116.98400000000
GM1641,2020GM1641,Maasgouw,NEE,439,5,524,23965,12104,11861,12,10,19,32,27,41,45,8,7,10648,31,38,31,2.20000000000,12,3,0,0,0,0,2,5812,4571,1241,48792.70688020000,58117107.13090000000
GM1652,2020GM1652,Gemert-Bakel,NEE,778,4,252,30723,15587,15136,16,11,24,29,20,46,43,6,5,13056,30,33,37,2.30000000000,8,3,0,0,0,0,3,12334,12214,120,47103.00674189990,123338786.60200000000
GM1655,2020GM1655,Halderberge,NEE,755,4,407,30284,15062,15222,14,11,21,30,24,40,46,7,6,13103,29,37,35,2.30000000000,8,8,3,0,1,1,3,7521,7447,75,44016.50567620000,75214852.26660000000
GM1658,2020GM1658,Heeze-Leende,NEE,582,4,155,16152,8135,8017,14,11,20,30,24,43,45,6,6,6791,28,37,35,2.30000000000,8,3,0,0,0,0,3,10504,10402,103,51001.18972210000,105044830.41900000000
GM1659,2020GM1659,Laarbeek,NEE,632,4,407,22523,11416,11107,15,11,22,30,22,43,45,6,5,9492,28,35,37,2.30000000000,7,3,0,0,0,0,2,5617,5535,81,37845.89523320000,56166123.71160000000
GM1667,2020GM1667,Reusel-De Mierden,NEE,566,4,168,13112,6729,6383,17,10,24,29,20,44,46,5,5,5491,28,35,37,2.40000000000,6,3,0,0,0,0,2,7866,7788,78,41661.79395230000,78663279.73370000000
GM1669,2020GM1669,Roerdalen,NEE,384,5,233,20574,10310,10264,12,9,20,31,27,39,46,8,7,9362,31,38,32,2.20000000000,14,4,0,0,0,0,3,8879,8821,57,69750.90816420000,88785634.75440000000
GM1674,2020GM1674,Roosendaal,NEE,1728,2,725,77251,38409,38842,15,12,23,29,22,44,42,9,6,35293,36,31,33,2.20000000000,12,14,5,0,1,3,5,10716,10650,66,53382.70223340000,107164545.95700000000
GM1676,2020GM1676,Schouwen-Duiveland,NEE,482,5,147,33839,16724,17115,14,10,19,30,27,37,48,8,7,15518,34,37,29,2.20000000000,7,3,0,0,0,0,3,48821,22965,25856,243864.87932900000,236578200.79600000000
GM1680,2020GM1680,Aa en Hunze,NEE,281,5,92,25445,12708,12737,14,10,17,32,26,40,46,7,6,11160,29,39,32,2.20000000000,4,3,0,0,0,0,2,27887,27609,279,92666.92026360000,278874903.37000000000
GM1681,2020GM1681,Borger-Odoorn,NEE,259,5,93,25559,12814,12745,14,11,18,32,25,39,47,7,6,11232,28,40,32,2.30000000000,4,2,0,0,0,0,2,27789,27453,336,67658.30820810000,277891503.67400000000
GM1684,2020GM1684,Cuijk,NEE,868,4,491,25130,12553,12577,15,12,22,30,22,45,42,8,5,11024,32,33,35,2.30000000000,10,10,2,0,0,4,4,5707,5116,591,35402.07168510000,57068549.19910000000
GM1685,2020GM1685,Landerd,NEE,485,5,224,15730,8026,7704,15,12,21,30,22,46,43,5,6,6400,28,34,38,2.40000000000,5,3,0,0,0,0,2,7071,7035,35,49523.60960740000,70706532.43220000000
GM1690,2020GM1690,De Wolden,NEE,308,5,108,24330,12171,12159,15,12,18,31,24,41,46,6,6,10201,28,37,35,2.30000000000,3,2,0,0,0,0,2,22635,22455,179,110797.31491700000,226345329.54300000000
GM1695,2020GM1695,Noord-Beveland,NEE,230,5,86,7392,3715,3677,12,9,19,32,28,37,46,10,6,3588,37,37,26,2.00000000000,10,3,0,0,0,0,2,12158,8596,3562,80096.76422870000,86642177.89750000000
GM1696,2020GM1696,Wijdemeren,NEE,592,4,512,24358,11954,12404,15,11,19,31,24,44,42,8,6,10667,32,32,36,2.30000000000,9,5,1,0,1,0,4,7636,4760,2876,49736.16183430000,76360330.19520000000
GM1699,2020GM1699,Noordenveld,NEE,682,4,157,31253,15500,15753,15,10,18,30,27,41,45,8,6,13911,31,37,32,2.20000000000,5,3,0,0,0,0,2,20529,19941,588,74598.59319470000,205290538.95800000000
GM1700,2020GM1700,Twenterand,NEE,596,4,318,33743,17119,16624,18,13,22,28,19,44,46,5,6,13184,26,32,42,2.50000000000,3,2,0,0,0,0,2,10814,10617,196,72651.41158630000,108135019.40900000000
GM1701,2020GM1701,Westerveld,NEE,212,5,70,19460,9670,9790,13,10,17,32,29,39,47,8,7,8728,32,38,29,2.20000000000,4,2,0,0,0,0,1,28274,27835,439,98164.96264940000,282739159.53000000000
GM1702,2020GM1702,Sint Anthonis,NEE,273,5,117,11664,6002,5662,15,12,20,32,22,45,44,5,5,4693,27,36,37,2.40000000000,4,3,0,0,0,0,2,9976,9927,49,46307.84053300000,99756916.18660000000
GM1705,2020GM1705,Lingewaard,NEE,952,4,752,46601,23083,23518,16,12,21,30,22,44,44,7,5,19606,27,34,38,2.30000000000,7,4,0,0,0,0,3,6914,6200,714,45530.32936180000,69142789.47860000000
GM1706,2020GM1706,Cranendonck,NEE,590,4,277,21138,10656,10482,14,11,21,29,24,42,45,7,6,8896,29,36,34,2.30000000000,11,7,0,0,0,0,5,7805,7640,165,44972.15814170000,78050093.76140000000
GM1708,2020GM1708,Steenwijkerland,NEE,594,4,153,44126,22233,21893,16,12,21,29,22,43,44,7,6,19361,33,33,34,2.30000000000,5,4,0,0,0,1,3,32159,28827,3332,101203.79723100000,321573530.03100000000
GM1709,2020GM1709,Moerdijk,NEE,746,4,233,37129,18650,18479,15,11,21,31,22,42,44,8,6,16337,31,35,35,2.30000000000,7,5,1,0,1,1,3,18403,15915,2488,112470.25326300000,163505283.32900000000
GM1711,2020GM1711,Echt-Susteren,NEE,715,4,307,31610,15823,15787,12,10,20,32,26,41,44,8,7,14195,32,36,32,2.20000000000,13,4,0,0,0,0,3,10462,10307,155,65588.53280740000,104619184.34000000000
GM1714,2020GM1714,Sluis,NEE,431,5,83,23210,11512,11698,12,9,20,30,29,39,45,9,7,11278,37,35,27,2.00000000000,25,3,0,0,0,0,2,30716,27936,2781,125209.27629700000,283243102.69500000000
GM1719,2020GM1719,Drimmelen,NEE,785,4,287,27272,13634,13638,14,11,21,31,23,42,45,7,6,11633,28,36,36,2.30000000000,7,3,0,0,0,0,2,11943,9518,2425,59573.14984320000,119427597.31700000000
GM1721,2020GM1721,Bernheze,NEE,682,4,348,31240,15786,15454,16,13,21,29,21,45,44,6,5,12646,27,34,39,2.40000000000,6,3,0,0,0,0,2,9041,8973,68,47287.34604130000,90405787.89200000000
GM1723,2020GM1723,Alphen-Chaam,NEE,311,5,110,10203,5204,4999,15,11,20,31,23,42,47,6,5,4222,25,38,36,2.40000000000,12,3,0,0,0,0,2,9352,9304,48,67610.96201580000,93521119.59810000000
GM1724,2020GM1724,Bergeijk,NEE,505,4,184,18635,9546,9089,14,12,21,31,22,42,46,6,5,7863,28,36,36,2.30000000000,8,3,0,0,0,0,2,10175,10100,75,58344.09375270000,101753717.76700000000
GM1728,2020GM1728,Bladel,NEE,688,4,271,20390,10348,10042,15,12,22,29,22,45,44,6,5,8650,30,35,36,2.30000000000,7,3,0,0,0,0,3,7562,7533,29,44045.53247279990,75623312.24930000000
GM1729,2020GM1729,Gulpen-Wittem,NEE,288,5,194,14171,7168,7003,11,9,18,33,29,37,48,7,7,6546,32,38,30,2.10000000000,12,2,0,0,0,0,2,7336,7318,18,50809.38657450000,73360503.26540000000
GM1730,2020GM1730,Tynaarlo,NEE,510,4,237,33887,16694,17193,17,10,19,31,24,44,43,8,6,14306,29,35,36,2.30000000000,5,4,0,0,0,0,3,14770,14300,470,92414.18495800000,147698650.46400000000
GM1731,2020GM1731,Midden-Drenthe,NEE,401,5,97,33185,16562,16623,14,12,19,31,24,42,45,7,6,14485,30,36,33,2.30000000000,5,3,0,0,0,0,2,34587,34051,536,111886.42411800000,345873830.79400000000
GM1734,2020GM1734,Overbetuwe,NEE,802,4,439,47906,23829,24077,17,12,22,30,19,44,44,7,5,19734,27,33,41,2.40000000000,7,5,0,0,0,1,3,11508,10919,590,60739.20189910000,115084134.89000000000
GM1735,2020GM1735,Hof van Twente,NEE,607,4,165,35017,17462,17555,14,12,19,30,25,42,45,6,7,14937,30,34,35,2.30000000000,6,4,0,0,0,1,2,21541,21256,285,75126.76519510000,215409428.54900000000
GM1740,2020GM1740,Neder-Betuwe,NEE,441,5,406,24339,12274,12065,21,14,23,26,17,45,45,5,5,9146,27,30,43,2.60000000000,6,3,1,0,0,0,2,6746,5998,749,66137.44934230000,67461073.85190000000
GM1742,2020GM1742,Rijssen-Holten,NEE,1092,3,406,38177,19052,19125,20,13,23,25,19,43,47,4,5,14326,26,31,44,2.60000000000,3,5,0,0,0,2,3,9438,9413,25,45182.13801990000,94377337.70980000000
GM1771,2020GM1771,Geldrop-Mierlo,NEE,1353,3,1281,39726,19721,20005,15,11,23,29,22,44,42,8,6,17747,33,32,35,2.20000000000,10,8,1,1,1,1,5,3139,3101,37,29132.59541930000,31387314.52620000000
GM1773,2020GM1773,Olst-Wijhe,NEE,468,5,160,18252,9260,8992,15,12,20,31,22,43,45,6,5,7567,28,36,37,2.40000000000,5,4,0,0,0,1,2,11837,11384,453,65701.64085030000,118369441.48500000000
GM1774,2020GM1774,Dinkelland,NEE,468,5,151,26461,13513,12948,15,13,20,30,22,45,45,4,6,10361,26,33,41,2.50000000000,6,2,0,0,0,0,2,17683,17571,112,88553.33562620000,176826820.66100000000
GM1783,2020GM1783,Westland,NEE,1428,3,1358,110375,55164,55211,17,12,25,28,19,47,43,6,5,46574,31,31,38,2.30000000000,9,7,2,0,1,1,3,9074,8127,947,57031.39546770000,83381621.17350000000
GM1842,2020GM1842,Midden-Delfland,NEE,1324,3,410,19341,9660,9681,17,13,21,30,19,45,46,5,4,7832,27,32,41,2.50000000000,6,6,1,0,1,1,4,4938,4719,219,49799.98021630000,49378740.91220000000
GM1859,2020GM1859,Berkelland,NEE,654,4,170,43747,21897,21850,14,11,19,31,25,42,46,5,7,18830,30,36,34,2.30000000000,5,3,0,0,0,0,2,26021,25806,215,99764.80484870000,260213362.20600000000
GM1876,2020GM1876,Bronckhorst,NEE,380,5,127,36055,17955,18100,13,12,16,33,26,42,46,6,7,15479,28,38,34,2.30000000000,4,2,0,0,0,0,2,28642,28350,292,107680.18265900000,286424042.49900000000
GM1883,2020GM1883,Sittard-Geleen,NEE,1499,3,1170,92429,45690,46739,12,11,22,31,24,43,40,10,7,45137,40,32,29,2.00000000000,15,7,2,0,0,1,4,8058,7901,158,50881.86666960000,80584402.12300000000
GM1884,2020GM1884,Kaag en Braassem,NEE,620,4,432,27297,13849,13448,15,12,22,30,21,45,44,7,5,11671,29,34,37,2.30000000000,7,5,1,0,1,0,3,7224,6324,900,43081.87712070000,72239335.86640000000
GM1891,2020GM1891,Dantumadiel,NEE,452,5,224,18922,9531,9391,16,12,21,28,22,43,45,5,6,7782,29,33,38,2.40000000000,2,2,0,0,0,0,2,8753,8466,287,46852.22621090000,87527004.06640000000
GM1892,2020GM1892,Zuidplas,NEE,1170,3,756,43885,21781,22104,18,12,23,29,19,44,44,7,4,17847,27,32,42,2.40000000000,8,9,2,1,2,0,4,6405,5802,603,56673.39861080000,64050037.38920000000
GM1894,2020GM1894,Peel en Maas,NEE,578,4,272,43425,22061,21364,14,11,22,31,22,44,45,6,6,18251,28,36,36,2.30000000000,7,4,1,0,0,1,2,16135,15937,198,58421.49481840000,161352545.79300000000
GM1895,2020GM1895,Oldambt,NEE,830,4,169,38209,19049,19160,14,11,20,31,25,41,42,10,7,18111,37,33,30,2.10000000000,7,4,0,0,1,0,3,29596,22666,6930,139347.77253900000,240532090.36600000000
GM1896,2020GM1896,Zwartewaterland,NEE,721,4,275,22685,11524,11161,20,14,24,25,17,44,48,4,4,8565,25,32,43,2.60000000000,4,3,0,0,0,0,2,8786,8249,537,55544.44258260000,87051932.34500000000
GM1900,2020GM1900,S??dwest-Frysl?ón,NEE,836,4,172,89987,45292,44695,16,12,21,29,23,46,41,8,6,39929,35,32,33,2.20000000000,5,4,0,0,0,0,3,90787,52301,38486,268813.04726800000,574582319.99500000000
GM1901,2020GM1901,Bodegraven-Reeuwijk,NEE,1130,3,463,34872,17427,17445,18,12,22,28,20,45,45,6,5,14359,29,33,38,2.40000000000,7,7,3,0,1,0,3,8864,7538,1326,50841.34711630000,88639500.15070000000
GM1903,2020GM1903,Eijsden-Margraten,NEE,464,5,332,25768,12903,12865,14,11,20,30,25,40,48,6,6,11078,27,38,35,2.30000000000,11,3,0,0,0,0,2,7877,7755,122,57948.48715000000,78768131.57700000000
GM1904,2020GM1904,Stichtse Vecht,NEE,1180,3,676,64931,31781,33150,17,11,22,29,21,46,41,8,5,28236,32,30,37,2.30000000000,9,10,2,1,2,1,5,10682,9610,1072,83879.49153730000,106819254.18200000000
GM1911,2020GM1911,Hollands Kroon,NEE,433,5,136,48432,24639,23793,15,12,22,30,21,45,44,7,5,21042,32,33,35,2.30000000000,9,3,0,0,0,0,3,66220,35734,30486,134381.33708000000,373770612.18800000000
GM1916,2020GM1916,Leidschendam-Voorburg,NEE,2909,1,2351,76534,36924,39610,16,10,24,27,23,47,38,9,6,36723,41,27,31,2.10000000000,15,18,2,1,3,1,10,3562,3255,306,36824.52978930000,35618150.70570000000
GM1924,2020GM1924,Goeree-Overflakkee,NEE,624,4,192,50049,24729,25320,16,11,22,29,22,40,48,6,6,21138,30,35,35,2.30000000000,4,3,0,0,0,0,2,42235,26048,16187,274946.77634800000,264301985.36200000000
GM1926,2020GM1926,Pijnacker-Nootdorp,NEE,1513,2,1491,55308,27520,27788,20,13,23,29,15,49,42,6,4,21511,25,28,47,2.50000000000,9,13,1,1,3,1,6,3862,3708,153,31846.60112690000,38616282.02150000000
GM1930,2020GM1930,Nissewaard,NEE,2041,2,1158,85219,41747,43472,16,11,24,29,20,45,41,9,5,38586,34,30,36,2.20000000000,9,16,1,3,4,1,6,8379,7358,1021,52578.42553730000,80392355.68520000000
GM1931,2020GM1931,Krimpenerwaard,NEE,783,4,380,56319,27934,28385,17,12,22,28,21,43,46,6,5,23726,31,33,36,2.30000000000,5,6,2,0,0,0,3,16131,14840,1291,71076.87478880000,161308725.29500000000
GM1940,2020GM1940,De Fryske Marren,NEE,553,4,147,51564,25940,25624,16,11,20,29,23,44,43,7,6,22230,31,34,34,2.30000000000,5,4,0,0,0,0,3,54910,35129,19781,139651.55646400000,417755226.28700000000
GM1942,2020GM1942,Gooise Meren,NEE,1906,2,1396,58055,28038,30017,19,11,21,29,21,49,37,9,5,25914,38,26,36,2.20000000000,13,9,2,1,1,1,5,7522,4159,3362,69729.61003150000,45350938.11570000000
GM1945,2020GM1945,Berg en Dal,NEE,653,4,405,34992,17422,17570,13,11,20,31,25,44,42,7,7,15785,34,33,32,2.20000000000,10,4,0,0,0,0,3,9328,8631,697,64851.73319200000,93280990.08220000000
GM1948,2020GM1948,Meierijstad,NEE,990,4,441,81194,40822,40372,15,12,23,29,21,45,43,7,5,34619,30,33,37,2.30000000000,8,7,1,0,1,2,3,18552,18409,143,78928.82512360000,185518836.00100000000
GM1949,2020GM1949,Waadhoeke,NEE,474,5,162,46090,23423,22667,16,12,21,30,22,45,42,7,5,20299,33,33,34,2.20000000000,5,4,0,0,0,0,3,31526,28486,3040,115725.69857300000,288757357.21400000000
GM1950,2020GM1950,Westerwolde,NEE,287,5,93,25733,12855,12878,14,10,19,31,26,40,45,8,7,11205,33,37,30,2.20000000000,6,7,0,0,0,0,6,28065,27567,498,103041.81183400000,280645562.40700000000
GM1952,2020GM1952,Midden-Groningen,NEE,853,4,217,60797,30504,30293,15,11,21,31,22,44,41,9,6,27754,35,33,33,2.20000000000,6,8,0,1,2,2,3,29577,28000,1577,100587.24389900000,295765116.57900000000
GM1954,2020GM1954,Beekdaelen,NEE,499,5,459,35938,17832,18106,13,10,20,31,26,39,47,8,7,16181,30,37,33,2.20000000000,12,3,0,0,0,0,2,7849,7830,19,62265.09303750000,78489602.34810000000
GM1955,2020GM1955,Montferland,NEE,767,4,341,36011,18042,17969,13,12,20,32,24,41,45,7,7,15677,29,36,35,2.30000000000,8,4,0,0,0,1,2,10664,10570,94,60393.13305650000,106637313.09800000000
GM1959,2020GM1959,Altena,NEE,503,4,279,55967,28163,27804,17,12,22,28,20,43,47,5,5,22357,27,33,40,2.50000000000,5,3,0,0,0,0,2,22664,20063,2602,87568.12715180000,226642947.77800000000
GM1960,2020GM1960,West Betuwe,NEE,455,5,237,51128,25583,25545,17,12,21,30,19,44,45,6,5,20513,26,34,40,2.50000000000,6,4,1,0,0,0,2,22912,21612,1300,89050.34841180000,229121400.69800000000
GM1961,2020GM1961,Vijfheerenlanden,NEE,904,4,388,56811,28163,28648,17,12,24,27,20,44,44,6,5,23339,29,32,39,2.40000000000,6,11,2,0,1,4,4,15331,14641,690,62865.98241300000,153312817.18400000000
GM1963,2020GM1963,Hoeksche Waard,NEE,825,4,325,87401,43211,44190,16,11,21,30,22,41,47,7,6,37135,28,35,36,2.30000000000,5,4,0,0,1,0,3,32369,26893,5475,147020.36601600000,281862323.51800000000
GM1966,2020GM1966,Het Hogeland,NEE,410,5,99,47801,24042,23759,15,11,20,30,24,44,43,8,6,21434,35,33,33,2.20000000000,4,3,0,0,0,0,2,90758,48275,42483,323086.46917300000,487850606.65200000000
GM1969,2020GM1969,Westerkwartier,NEE,475,5,175,63329,31810,31519,17,12,21,30,21,45,43,6,5,26371,29,33,38,2.40000000000,4,3,0,0,0,0,2,36887,36269,618,99030.76228060000,368845700.65000000000
GM1970,2020GM1970,Noardeast-Frysl?ón,NEE,463,5,120,45228,22768,22460,17,12,21,29,21,46,42,7,6,19440,33,31,35,2.30000000000,3,3,0,0,0,0,2,51645,37783,13862,238426.95961600000,383793029.71000000000
GM1978,2020GM1978,Molenlanden,NEE,391,5,242,43909,22256,21653,18,14,21,27,19,43,47,5,5,16795,26,32,42,2.60000000000,4,3,0,0,0,0,2,19158,18173,986,88570.37565500000,191584092.03500000000
